Time_Stamp,Temperature (°C),RPM,Fuel_Efficiency,Vibration_X,Vibration_Y,Vibration_Z,Torque,Power_Output (kW),Fault_Condition,Operational_Mode,Defect_ID,Root_Cause,Troubleshooting_Steps,Severity,Remediation_Actions
2024-12-24 10:00:00,60.30858489559441,3426.8275879445323,20.44547154492103,0.874657204606231,0.0056859708818404,0.5297983046560711,107.87765852330168,23.3676838298906,2,Idle,1,Normal operation,No action required,Normal,No action required
2024-12-24 10:05:00,112.70505496391512,2949.75842446062,23.083946992274225,0.6964606815197845,0.3917786911513076,0.1243361195392133,60.351655060287314,57.94102231569467,3,Cruising,2,Normal operation,No action required,Normal,No action required
2024-12-24 10:10:00,108.67097574095489,1817.9710404410007,20.55532584104797,0.4952760133606226,0.1897135981438288,0.8864172156876151,110.98656425085804,47.73299847579394,2,Cruising,3,Normal operation,No action required,Normal,No action required
2024-12-24 10:15:00,107.11469056948415,2730.660539406921,23.22643108997393,0.9862060047889584,0.983201681353459,0.4681141574902268,77.41679296149624,44.11203926890593,2,Cruising,4,Bearing misalignment,Bearing inspection performed,Warning,Bearing replaced
2024-12-24 10:20:00,118.07581400539276,1854.488676596831,21.1482258336329,0.7108098740493588,0.1011388243642072,0.4810340426818726,100.47588078051264,80.68197181619114,2,Cruising,5,Normal operation,No action required,Normal,No action required
2024-12-24 10:25:00,78.15721027989582,2324.480475757351,16.627448312127513,0.4844822042274694,0.2420134571749461,0.4375037085263263,91.49507715138122,86.98182026009806,0,Cruising,6,Normal operation,No action required,Normal,No action required
2024-12-24 10:30:00,114.08453418154129,1128.4392882204804,26.5618411802434,0.2619740116847627,0.7153176124710332,0.2802947976076763,123.15687677684124,82.441668372058,1,Cruising,7,Normal operation,No action required,Normal,No action required
2024-12-24 10:35:00,108.39993560249856,2424.950037598232,24.15541152523971,0.4321892399102375,0.7611217317070776,0.869901230183293,152.34902635519916,80.37180924572084,1,Idle,8,Normal operation,No action required,Normal,No action required
2024-12-24 10:40:00,84.48565523655486,1662.5004024085229,25.535556716364795,0.1403416190050127,0.3413260699980147,0.1728175751503213,90.76338380556028,27.12889905882203,0,Idle,9,Normal operation,No action required,Normal,No action required
2024-12-24 10:45:00,73.57344256753848,2815.996636198265,28.375971606489927,0.3843563361613882,0.0341355091217997,0.230662592878191,127.34825603968234,31.823300462409797,1,Heavy Load,10,Normal operation,No action required,Normal,No action required
2024-12-24 10:50:00,89.2137643602631,3074.0522564507287,18.53231174046179,0.7227113266750841,0.4049777537023755,0.1378030992387346,63.89783796233024,80.56877005738147,3,Idle,11,Normal operation,No action required,Normal,No action required
2024-12-24 10:55:00,71.28905762546371,1475.7196826536815,26.177408573927277,0.900113322936404,0.8015079488576191,0.4280968349779059,183.52402562037787,67.22660768290152,1,Idle,12,Bearing misalignment,Bearing inspection performed,Warning,Bearing replaced
2024-12-24 11:00:00,79.15253565209862,3438.895028074893,26.01060985834376,0.5319821084901459,0.1370604082873592,0.1151558774306343,68.64346896748836,56.51474457536432,2,Cruising,13,Normal operation,No action required,Normal,No action required
2024-12-24 11:05:00,76.33162391449773,1134.6793992991886,28.245559791057484,0.3509078469211274,0.0760778690444397,0.8036556120640962,108.76430906648535,28.164066104749388,3,Heavy Load,14,Normal operation,No action required,Normal,No action required
2024-12-24 11:10:00,101.2251425915114,3276.031091711389,24.076623038786117,0.187733878878749,0.8175809499104006,0.3946909791678069,169.94840888823546,66.62882700447858,3,Idle,15,Normal operation,No action required,Normal,No action required
2024-12-24 11:15:00,83.38006230068576,1233.9200115311485,29.01559823954508,0.944053243984863,0.3093626166293163,0.6681164922697925,186.79138727615864,62.89329392115387,3,Idle,16,Bearing misalignment,Bearing inspection performed,Warning,Bearing replaced
2024-12-24 11:20:00,89.74148057077609,2100.4378298583924,21.702655137100525,0.9481529822692244,0.7061271515813936,0.958980079259663,92.9177219834344,63.51916293382524,2,Cruising,17,Bearing misalignment,Bearing inspection performed,Warning,Bearing replaced
2024-12-24 11:25:00,87.87383627760765,2597.050956946939,15.731312156149205,0.0896871019575991,0.6356854056699931,0.4132347316839185,70.61565275215303,26.82574558158563,3,Cruising,18,Normal operation,No action required,Normal,No action required
2024-12-24 11:30:00,100.99259880777387,1429.0948922388534,27.952732285461373,0.2855696938362845,0.3840151137604823,0.7865864949540207,149.49191915547095,23.259810470455456,1,Cruising,19,Normal operation,No action required,Normal,No action required
2024-12-24 11:35:00,66.89877527159436,1632.6752540689756,19.766451268480317,0.4159807803711413,0.6201891347201913,0.7725671172924439,110.69043029123222,29.39165519852629,3,Idle,20,Normal operation,No action required,Normal,No action required
2024-12-24 11:40:00,78.92225689984672,2821.334839116152,28.19856744833544,0.4134527221570429,0.586152766999823,0.472407532777429,182.9133903636237,36.40978414019394,2,Heavy Load,21,Normal operation,No action required,Normal,No action required
2024-12-24 11:45:00,89.5000893318716,3347.8566962764403,28.200785299039826,0.193670899248801,0.4209211362137809,0.6063398447820915,184.3569468391319,61.39178688942977,0,Cruising,22,Normal operation,No action required,Normal,No action required
2024-12-24 11:50:00,117.06125598364498,3352.446409832732,25.885310977096918,0.4709026379744953,0.7738851423455712,0.0688648585314587,129.2151908945329,40.19034305171408,0,Cruising,23,Normal operation,No action required,Normal,No action required
2024-12-24 11:55:00,108.41480363332911,2096.018101543584,27.667071233741048,0.601611337839438,0.711120367842487,0.101024134607938,94.17404339176925,43.01864012844696,0,Cruising,24,Normal operation,No action required,Normal,No action required
2024-12-24 12:00:00,68.06181655247066,1311.471878339919,22.31490814713352,0.433347218033132,0.9262154641702705,0.2619698733881443,145.40358886303954,61.54204568008498,2,Heavy Load,25,Normal operation,No action required,Normal,No action required
2024-12-24 12:05:00,60.92809085420327,3077.199354411273,27.82902901552632,0.026801868211462,0.4378764323929336,0.6632051696623239,151.99403633497633,42.72026833148007,2,Cruising,26,Normal operation,No action required,Normal,No action required
2024-12-24 12:10:00,99.07248999153198,2188.2837002320985,15.26680476758996,0.9663797909400972,0.3123180923147998,0.0779342375513837,156.7376951488519,76.5520414036301,2,Heavy Load,27,Bearing misalignment,Bearing inspection performed,Warning,Bearing replaced
2024-12-24 12:15:00,99.16829775448356,3957.19334481493,17.105673535369714,0.4204129621721908,0.3946249972132594,0.8428684778194239,123.54759659580704,74.90898964295307,1,Idle,28,Normal operation,No action required,Normal,No action required
2024-12-24 12:20:00,69.57433593111111,2783.930700084594,19.89449589240392,0.7222627608107812,0.482418543714774,0.4939440601887445,174.65784836586693,48.07878321268103,0,Idle,29,Normal operation,No action required,Normal,No action required
2024-12-24 12:25:00,88.03337139609444,1923.3025254234024,28.360070239766,0.5922180011954656,0.1714851165361088,0.0186670306302081,80.4795017078131,93.6464667276693,1,Heavy Load,30,Normal operation,No action required,Normal,No action required
2024-12-24 12:30:00,86.23425137067454,2527.4583816954337,16.310693421173756,0.0268250761962777,0.4510866320650856,0.0418960374078665,129.5475849976665,29.97386344860428,1,Heavy Load,31,Normal operation,No action required,Normal,No action required
2024-12-24 12:35:00,102.4124737093688,3162.095933074634,26.914210968955413,0.1533106315513142,0.7870159782378652,0.9136532613538788,198.63643403025588,40.85834097509438,1,Idle,32,Normal operation,No action required,Normal,No action required
2024-12-24 12:40:00,62.50792450415793,2220.364827718422,29.936659890016863,0.8545038808286941,0.025459680174073,0.0354951837263677,79.27734499697837,34.11845309982957,0,Idle,33,Normal operation,No action required,Normal,No action required
2024-12-24 12:45:00,95.30283313313754,1404.6827223920673,22.10570209501611,0.1495030340679362,0.6148792582520611,0.4585673046066011,57.50847730897758,45.577590877615975,0,Idle,34,Normal operation,No action required,Normal,No action required
2024-12-24 12:50:00,61.52401106470713,3830.8074455266833,24.405725748508942,0.4119832017350606,0.3460742118280689,0.3821942139553991,170.2686132257695,67.8941106279451,2,Idle,35,Normal operation,No action required,Normal,No action required
2024-12-24 12:55:00,95.45114876133071,1187.9671643821598,29.865548449078418,0.1638636929013003,0.0007405368145717,0.8707810345433432,146.22856231854306,41.01708087899009,3,Cruising,36,Normal operation,No action required,Normal,No action required
2024-12-24 13:00:00,112.49554554589722,3771.764174480956,24.81286270613329,0.6568642331288151,0.2813064688860872,0.4974659856370605,82.13084541832434,35.91605164336835,2,Heavy Load,37,Normal operation,No action required,Normal,No action required
2024-12-24 13:05:00,105.6456553714372,3517.185304871721,22.988763523966497,0.9076076577465296,0.0317238484765404,0.5501481071873439,185.26308755334944,20.148909696266564,3,Idle,38,Bearing misalignment,Bearing inspection performed,Warning,Bearing replaced
2024-12-24 13:10:00,74.73995074389427,3067.9233653676256,17.600664252454962,0.1429663204228699,0.8086529894777952,0.7016106556687269,75.4988377680958,26.06221089276325,3,Heavy Load,39,Normal operation,No action required,Normal,No action required
2024-12-24 13:15:00,104.96111023299008,2208.488268966257,27.919058128786848,0.9690647410216704,0.2038772389876305,0.5279082672787936,142.56932767286793,84.07154242428749,3,Cruising,40,Bearing misalignment,Bearing inspection performed,Warning,Bearing replaced
2024-12-24 13:20:00,87.63802099717815,3382.5701676969184,27.073031240074563,0.0712590150553085,0.3251769447117717,0.4390625625460728,165.57678030824215,87.59956993067891,1,Cruising,41,Normal operation,No action required,Normal,No action required
2024-12-24 13:25:00,94.00023010995204,1518.6599801627012,23.56533199243955,0.8751403613815074,0.1109760221375059,0.5153429730341149,65.05156840095884,83.89211642091865,2,Idle,42,Normal operation,No action required,Normal,No action required
2024-12-24 13:30:00,102.2587058887962,3931.67280127588,25.44262081990635,0.606887976195874,0.895177874716871,0.3841529297662996,124.37067589423356,89.41103961263907,0,Idle,43,Normal operation,No action required,Normal,No action required
2024-12-24 13:35:00,111.09640247035146,3119.925116292858,21.060601688906257,0.936331200104506,0.824743673412856,0.8584999246503191,133.91514596559068,76.81619548987308,1,Cruising,44,Bearing misalignment,Bearing inspection performed,Warning,Bearing replaced
2024-12-24 13:40:00,65.03372636539098,3675.709109045044,28.56747911218424,0.6963256881048598,0.6130526327450263,0.2069668910638645,163.93169149544585,59.91928221167758,3,Idle,45,Normal operation,No action required,Normal,No action required
2024-12-24 13:45:00,63.28641505127206,1175.4125584894778,20.395412913551358,0.2184629470036179,0.3254217354981324,0.2884480648328323,92.85425629725208,71.84142949079722,1,Heavy Load,46,Normal operation,No action required,Normal,No action required
2024-12-24 13:50:00,111.21216011993388,1345.1922928687836,16.038076095212837,0.0001696451440255,0.4537973504600758,0.1954257839288264,165.44681831702,52.519314539188045,3,Heavy Load,47,Normal operation,No action required,Normal,No action required
2024-12-24 13:55:00,106.58015774150238,2448.2869654133647,21.35033899404545,0.7072294521923899,0.7852136321964149,0.3690010744267361,61.67956724762978,76.99326211894245,3,Idle,48,Normal operation,No action required,Normal,No action required
2024-12-24 14:00:00,113.4459659008206,1095.1339000866196,23.7308983180555,0.1400152906018955,0.4961062686762725,0.6277509944087335,57.52452758395061,83.67492017328478,1,Heavy Load,49,Normal operation,No action required,Normal,No action required
2024-12-24 14:05:00,107.53218038139372,2331.695458102763,24.076309820063727,0.3559265177731004,0.3938386981582732,0.842749748539487,107.9285866793228,91.90409905756935,0,Heavy Load,50,Normal operation,No action required,Normal,No action required
2024-12-24 14:10:00,70.16244317880806,3694.803327904466,21.78513737815368,0.0857127053549685,0.885102602020616,0.995647741365113,177.02712859400577,31.162207165871312,3,Cruising,51,Normal operation,No action required,Normal,No action required
2024-12-24 14:15:00,108.04778169340835,3463.711400647322,23.308244576001137,0.3914655309694372,0.2302875925240073,0.250839157434659,191.35096488913547,97.82330949072664,0,Idle,52,Normal operation,No action required,Normal,No action required
2024-12-24 14:20:00,95.24950466964832,2807.6399706580223,28.20145509852949,0.7762919348309724,0.1504462039704051,0.0142989352302298,58.86167155789413,45.30832523132653,0,Heavy Load,53,Normal operation,No action required,Normal,No action required
2024-12-24 14:25:00,63.15581457658969,1724.1468398687357,20.434117221241245,0.6961625429069581,0.6002280924095612,0.5473841354937705,139.6920902789036,24.410976543578656,0,Heavy Load,54,Normal operation,No action required,Normal,No action required
2024-12-24 14:30:00,94.8003810761542,3233.5134381992543,28.006851812438757,0.9440755103662044,0.2954964581668987,0.7430754477390193,157.28100905531682,95.07668696188328,1,Heavy Load,55,Bearing misalignment,Bearing inspection performed,Warning,Bearing replaced
2024-12-24 14:35:00,109.96958964495737,2222.9043970995704,29.705855030847168,0.93153216102284,0.6844855151644964,0.6800841921670981,82.98020850453071,54.78032009223568,1,Cruising,56,Bearing misalignment,Bearing inspection performed,Warning,Bearing replaced
2024-12-24 14:40:00,118.79449927243871,1968.3325300694569,29.102395798652992,0.0093359783192522,0.1385026541383058,0.7240220647568123,152.650262001207,73.72104015579154,2,Heavy Load,57,Normal operation,No action required,Normal,No action required
2024-12-24 14:45:00,104.5158489950152,3567.6730032000346,27.185893456633337,0.8126367773782774,0.155779506089105,0.3862057042217311,85.88989462560258,33.56706104539542,1,Heavy Load,58,Normal operation,No action required,Normal,No action required
2024-12-24 14:50:00,99.50147939046585,1757.9394960492975,29.62735806449799,0.6679743489960696,0.5406534755566123,0.1883422856049059,65.40793453671205,92.70617383295168,1,Heavy Load,59,Normal operation,No action required,Normal,No action required
2024-12-24 14:55:00,91.98815481717509,1960.6464989326769,21.71108529099073,0.8549522413727842,0.0245051093855949,0.455858743245028,83.8531927419746,81.99867424305012,2,Idle,60,Normal operation,No action required,Normal,No action required
2024-12-24 15:00:00,80.3316604940168,3718.093937212368,25.698698802436542,0.3390423916032996,0.4895689418016035,0.8921632310963167,145.868657622645,83.61646145612747,1,Idle,61,Normal operation,No action required,Normal,No action required
2024-12-24 15:05:00,70.37832373161602,1144.959798019743,17.745940003949052,0.2404840120916879,0.5350109418588,0.8301816582824928,50.42885318183282,36.692487079183735,1,Cruising,62,Normal operation,No action required,Normal,No action required
2024-12-24 15:10:00,75.69269117531583,3131.806016888345,21.14536458828113,0.3306631115301359,0.2433613477251422,0.7747335434637526,184.9409308076504,29.781386370286125,1,Heavy Load,63,Normal operation,No action required,Normal,No action required
2024-12-24 15:15:00,90.30471086174003,1187.4839894060178,26.78651114433719,0.7576329192331713,0.9197133145300532,0.0038611242033054,111.9563452819304,35.32847738294255,1,Cruising,64,Normal operation,No action required,Normal,No action required
2024-12-24 15:20:00,111.0913106296297,3132.069253013836,26.16004490206482,0.3595109502704142,0.128158837052372,0.0865591563001961,132.87344851315686,59.52909695348549,3,Cruising,65,Normal operation,No action required,Normal,No action required
2024-12-24 15:25:00,72.13635616453936,3882.4367880105983,27.937829749408564,0.5891814673438698,0.6718422149583898,0.4823979454917481,80.95785270666062,43.45233340385696,2,Cruising,66,Normal operation,No action required,Normal,No action required
2024-12-24 15:30:00,86.56642742058852,3370.942566584015,25.15821306701935,0.2337859369725073,0.7504672115051613,0.8627384582428738,111.1343253889107,86.49773472522833,3,Heavy Load,67,Normal operation,No action required,Normal,No action required
2024-12-24 15:35:00,87.61812562895949,3442.4670320193013,23.44030009774562,0.3079294168981655,0.1552453389540222,0.3342054711372273,167.18492720990326,94.95800356434576,1,Idle,68,Normal operation,No action required,Normal,No action required
2024-12-24 15:40:00,73.81645122241412,1399.6724613077467,23.477173046179,0.0423787128473273,0.1073423187154133,0.9471317982778384,195.850625508479,80.54285123770569,1,Heavy Load,69,Normal operation,No action required,Normal,No action required
2024-12-24 15:45:00,82.35955531313682,2895.935724465403,20.38227174599684,0.8480231993483822,0.3381408256964556,0.2725474609896519,177.56126539709635,55.31123299313095,0,Heavy Load,70,Normal operation,No action required,Normal,No action required
2024-12-24 15:50:00,118.53613535786076,2518.9987542205927,20.364888125853447,0.6814570853554778,0.4299160769693033,0.742279162138696,112.6979591227166,80.46217671498371,1,Idle,71,Normal operation,No action required,Normal,No action required
2024-12-24 15:55:00,109.16838355188672,3903.9682680429783,19.92219477449145,0.6651231103298341,0.1388109404075524,0.7531108121603105,66.40400893224644,59.36664869261513,2,Heavy Load,72,Normal operation,No action required,Normal,No action required
2024-12-24 16:00:00,90.5733305946234,1667.5636282527078,26.766870575879004,0.8328154663249678,0.9943149045013966,0.0161994877785119,112.10957143400162,77.06290845238775,1,Cruising,73,Normal operation,No action required,Normal,No action required
2024-12-24 16:05:00,71.53661598753585,2828.954152023559,23.0275522367527,0.250399311911618,0.681474402814207,0.1180691948000604,69.03081335796713,89.02598538416692,0,Idle,74,Normal operation,No action required,Normal,No action required
2024-12-24 16:10:00,63.21626047640668,1312.2076606989808,19.4361376259736,0.300666646467897,0.5763665258276799,0.418981986314211,181.35393797759227,25.23502370638954,3,Cruising,75,Normal operation,No action required,Normal,No action required
2024-12-24 16:15:00,107.54334319617766,2563.54822210408,22.79764213832916,0.2695423910827478,0.8416876677526651,0.3213160143125891,55.72080110581098,26.446797450106345,3,Idle,76,Normal operation,No action required,Normal,No action required
2024-12-24 16:20:00,95.75726353213398,2329.3147781393145,24.06925357895249,0.7692280210815357,0.2646972839691073,0.9864805482874094,190.73602226679708,86.12005492760576,2,Heavy Load,77,Normal operation,No action required,Normal,No action required
2024-12-24 16:25:00,119.2899254936473,3002.981556493902,15.803283751602743,0.8096816761813163,0.3265330625950245,0.9894509237253514,89.55397222952837,33.43470807481761,2,Idle,78,Normal operation,No action required,Normal,No action required
2024-12-24 16:30:00,66.11134537395323,1147.1535388200557,27.49721120379024,0.3248981865901346,0.124691575600574,0.3320431282555486,136.7596333394975,80.83235007360118,2,Cruising,79,Normal operation,No action required,Normal,No action required
2024-12-24 16:35:00,118.81455256511708,1908.2864203386744,22.009561893086627,0.5990757932416231,0.5926984105503769,0.0014621771701561,154.34576725627218,43.03194763608072,1,Heavy Load,80,Normal operation,No action required,Normal,No action required
2024-12-24 16:40:00,108.3394467701317,3093.477447568705,26.548968467864164,0.6775630369260424,0.5642825839094878,0.5621198232716608,122.46967088766856,38.891586892567,0,Cruising,81,Normal operation,No action required,Normal,No action required
2024-12-24 16:45:00,64.87223164328333,2855.781875329505,28.861461019559236,0.957321304434269,0.2642901752229424,0.659473792094811,95.59846537295954,88.38313730849005,0,Idle,82,Bearing misalignment,Bearing inspection performed,Warning,Bearing replaced
2024-12-24 16:50:00,66.88888697249345,3734.411448528266,21.52327665510829,0.7045326278794501,0.8854482650034939,0.1923594410041468,98.34416256342666,44.3805909495789,2,Idle,83,Normal operation,No action required,Normal,No action required
2024-12-24 16:55:00,69.89504159940287,3961.19873926678,26.843527633833126,0.0486436333715107,0.8236293678033393,0.5083835903778138,55.3184629745528,68.47862639647602,1,Idle,84,Normal operation,No action required,Normal,No action required
2024-12-24 17:00:00,113.0427560141072,2995.4472556273413,27.55133704905447,0.7290797314400217,0.7404513654126276,0.5585670376402013,129.5788966838437,47.905188852462,2,Cruising,85,Normal operation,No action required,Normal,No action required
2024-12-24 17:05:00,92.79597573984483,1908.6165034545895,23.86709177882154,0.3487872280492899,0.3406605991384484,0.9005600970300607,160.67249971768885,79.78932115885341,0,Cruising,86,Normal operation,No action required,Normal,No action required
2024-12-24 17:10:00,76.39103738250894,3940.1021889315366,23.7160979678729,0.8061593185388632,0.6566260315535835,0.7685389998138933,79.9294154556002,86.563226934841,1,Heavy Load,87,Normal operation,No action required,Normal,No action required
2024-12-24 17:15:00,84.7764735246185,2343.470446947863,22.44990425688421,0.5243418995253568,0.2272905762671194,0.530626260436703,121.18378556867096,37.74370028569106,1,Heavy Load,88,Normal operation,No action required,Normal,No action required
2024-12-24 17:20:00,99.12220043717284,2009.0457090515376,25.872328233032217,0.5358863340134656,0.3384580522396598,0.1982588805640979,189.5988579601745,69.70468928835535,0,Idle,89,Normal operation,No action required,Normal,No action required
2024-12-24 17:25:00,63.19398513311924,1670.3586133703525,21.687932340926555,0.5133946701928569,0.5945685528949181,0.9892021133898568,186.21229237080072,30.67762598220302,1,Heavy Load,90,Normal operation,No action required,Normal,No action required
2024-12-24 17:30:00,100.9592639982229,2528.307761743007,29.89482842799037,0.2480681738067044,0.582815362684726,0.0040661919474235,72.53584498753933,82.79373429871018,3,Heavy Load,91,Normal operation,No action required,Normal,No action required
2024-12-24 17:35:00,102.56872155635112,1178.1780338381288,18.5996644785686,0.2506041608123467,0.3123897791685596,0.889392048728735,128.28223118623202,60.405790043237616,0,Idle,92,Normal operation,No action required,Normal,No action required
2024-12-24 17:40:00,94.608426810473,2407.814065457075,15.908354881553285,0.3036658553158357,0.8057446661323551,0.6922750816714647,169.53777566656538,52.14384520659488,1,Cruising,93,Normal operation,No action required,Normal,No action required
2024-12-24 17:45:00,87.39396889165991,3832.896554098676,26.94508717927353,0.226527115163976,0.8824195902647275,0.7532297016001059,168.74182679599528,28.72760652500527,3,Idle,94,Normal operation,No action required,Normal,No action required
2024-12-24 17:50:00,78.01955720088189,2444.5561915751737,17.219325403551064,0.7585059198194213,0.7422184937155637,0.8948773309025753,128.494546075927,45.38314196796663,3,Heavy Load,95,Normal operation,No action required,Normal,No action required
2024-12-24 17:55:00,73.54798769556828,2000.01716045096,18.48207029689172,0.0023273839376427,0.8155096900877383,0.3581668349481428,91.933045797567,60.484737976969896,1,Cruising,96,Normal operation,No action required,Normal,No action required
2024-12-24 18:00:00,79.87079340440866,1912.3859547791485,28.60038075523985,0.1531994119439566,0.5527408792552446,0.5899326011093444,145.89359411570393,22.69690672700949,3,Cruising,97,Normal operation,No action required,Normal,No action required
2024-12-24 18:05:00,74.39188535044714,2274.2198199234545,24.64979457814277,0.1793565946323059,0.0520991612796994,0.049716205509907,66.81997486767149,39.48987013700928,0,Cruising,98,Normal operation,No action required,Normal,No action required
2024-12-24 18:10:00,64.17960436032178,2019.1079334491772,27.38103459781372,0.7591387059610087,0.9612967677694212,0.1672366806617709,199.9094023316061,37.84491226574657,1,Cruising,99,Normal operation,No action required,Normal,No action required
2024-12-24 18:15:00,90.25038224266594,1066.2411707298909,25.735531143503948,0.1904058601917675,0.505934814325567,0.4253123915458309,93.35246142745656,29.85549037890233,0,Cruising,100,Normal operation,No action required,Normal,No action required
2024-12-24 18:20:00,70.3041999900292,3585.761509565006,17.349396477460626,0.4490966635998681,0.3440509722581988,0.9601938661723224,149.67747886340388,31.211060452577648,0,Heavy Load,101,Normal operation,No action required,Normal,No action required
2024-12-24 18:25:00,97.96798997263616,1938.902341281865,29.956265586153638,0.8072235243554065,0.0876794114667497,0.7900867591490911,59.437535945282775,78.7182936440838,3,Cruising,102,Normal operation,No action required,Normal,No action required
2024-12-24 18:30:00,110.95616879321489,2261.358046871327,27.217844790936415,0.0420583042697534,0.4922920434083907,0.3878578618058913,101.22816462358232,35.082662356442285,2,Idle,103,Normal operation,No action required,Normal,No action required
2024-12-24 18:35:00,96.6090095377966,2983.4093164277765,17.122468295969796,0.6899323168008391,0.3857106801406585,0.2734819453230653,186.4362889386325,43.79795218417715,0,Idle,104,Normal operation,No action required,Normal,No action required
2024-12-24 18:40:00,85.18630828237158,1026.5379640853023,16.044537950225894,0.709315849366332,0.9350986796242998,0.1715721605211474,55.99626886833574,43.101654070678606,3,Idle,105,Normal operation,No action required,Normal,No action required
2024-12-24 18:45:00,108.74033886644324,3435.753382542058,23.70180194480097,0.9554046029372868,0.8089264498049955,0.5535330528952267,177.864550286028,96.64984110553922,0,Cruising,106,Bearing misalignment,Bearing inspection performed,Warning,Bearing replaced
2024-12-24 18:50:00,91.10945911389572,3217.126002144275,20.85281654524461,0.6666811855781299,0.7053260442322742,0.0459795115666178,98.89498342942748,25.79069723031731,1,Cruising,107,Normal operation,No action required,Normal,No action required
2024-12-24 18:55:00,114.5552458062698,3623.572895960096,28.385572901548485,0.726188881019386,0.8880022877566441,0.9738505562874032,142.66899846303212,56.523468946314594,3,Idle,108,Normal operation,No action required,Normal,No action required
2024-12-24 19:00:00,75.75602942971463,3651.402576823168,23.107063053702664,0.5715095852323911,0.8774246493778988,0.7388400021062209,75.07559811883522,79.27326213369497,1,Heavy Load,109,Normal operation,No action required,Normal,No action required
2024-12-24 19:05:00,77.38081171932879,3862.215554656195,24.919515572337424,0.2164551976063194,0.7252166741646623,0.4047690097150762,52.31920002921378,50.44368892977943,1,Cruising,110,Normal operation,No action required,Normal,No action required
2024-12-24 19:10:00,70.28497613760577,3130.979335771068,25.41700517874976,0.543355872589053,0.3131054261203942,0.4478885064030604,73.7972856735973,39.42072413174471,2,Cruising,111,Normal operation,No action required,Normal,No action required
2024-12-24 19:15:00,97.46622495095296,1264.1544869901895,27.77051507288996,0.335052849920331,0.0436565043854962,0.2943626048808921,166.1900880128764,34.87026131303531,1,Cruising,112,Normal operation,No action required,Normal,No action required
2024-12-24 19:20:00,95.00212577192022,3968.805762385333,21.96794035182561,0.3329174336536907,0.8873776388682826,0.664965988279777,84.89506908691422,48.07292194113708,0,Heavy Load,113,Normal operation,No action required,Normal,No action required
2024-12-24 19:25:00,118.81701101464078,1782.054418882799,26.09801925938308,0.3685764613583178,0.016722593196205,0.3368786028275837,62.34058521803121,48.44351068142259,0,Heavy Load,114,Normal operation,No action required,Normal,No action required
2024-12-24 19:30:00,114.25902513434444,2656.102768008369,20.73727931225386,0.2006234589288115,0.6597288291992109,0.2770544610715101,61.25102370159369,73.75941555001751,3,Idle,115,Normal operation,No action required,Normal,No action required
2024-12-24 19:35:00,63.81721206969387,1917.3638838584704,24.42417918972888,0.2535871084975413,0.1706995684989519,0.4806438147179339,128.095866885468,53.16210957681246,0,Idle,116,Normal operation,No action required,Normal,No action required
2024-12-24 19:40:00,60.03801580316588,3120.2866930841647,24.481766426070937,0.0081239861709795,0.8286864364428844,0.3996003436893948,62.67910567734324,49.621977044866114,2,Heavy Load,117,Normal operation,No action required,Normal,No action required
2024-12-24 19:45:00,100.37554291561769,3051.39825078416,22.789176899945616,0.5983289170365933,0.0830164476054584,0.2535879145249572,179.7938292818502,73.35072023947875,1,Idle,118,Normal operation,No action required,Normal,No action required
2024-12-24 19:50:00,115.09250272294932,2216.8767968759644,19.165134018074504,0.9345511876325042,0.7320515618497075,0.0260138058400709,70.56074446634001,54.13631588617238,1,Cruising,119,Bearing misalignment,Bearing inspection performed,Warning,Bearing replaced
2024-12-24 19:55:00,104.88437415272573,2146.4460935478355,29.475368153221197,0.7341735028858276,0.4897026629958627,0.6549932679578683,157.0523396004013,44.76078569389059,1,Cruising,120,Normal operation,No action required,Normal,No action required
2024-12-24 20:00:00,87.49242946684889,3687.339368924747,20.78070221155679,0.0142242026360859,0.366228250121038,0.1651702939054818,160.20976305697403,76.63920212121138,2,Cruising,121,Normal operation,No action required,Normal,No action required
2024-12-24 20:05:00,113.78945802288932,2519.017017520076,23.626154717097123,0.5576685883507585,0.5032559272394659,0.2126577253136885,148.0795827650973,62.89942932834134,2,Idle,122,Normal operation,No action required,Normal,No action required
2024-12-24 20:10:00,89.06164791644231,3986.5537082075593,24.876709667345384,0.7262494467660296,0.1076743261519367,0.0161207200144857,84.79337483426208,63.098194799052365,3,Idle,123,Normal operation,No action required,Normal,No action required
2024-12-24 20:15:00,89.45199728472278,2179.052689791971,28.07903519170865,0.2275067609811105,0.3799540258506825,0.2521522989942245,95.40388587062174,75.75076174718248,0,Heavy Load,124,Normal operation,No action required,Normal,No action required
2024-12-24 20:20:00,99.37645046137705,3990.9182228148993,20.056402975619115,0.0248778027670264,0.1010281596152863,0.2257301645185279,61.32534636417313,25.96560229885882,1,Idle,125,Normal operation,No action required,Normal,No action required
2024-12-24 20:25:00,115.25324653533988,2719.7378212196472,15.322135622005671,0.8621081793341788,0.5699104940113346,0.2772146529799346,197.81726762804,21.56356428482266,3,Cruising,126,Normal operation,No action required,Normal,No action required
2024-12-24 20:30:00,68.87563365452023,2082.571789964605,23.341167322093835,0.7680369241537298,0.4857585436786469,0.3521939959197478,136.56434391992246,40.68101314342415,2,Idle,127,Normal operation,No action required,Normal,No action required
2024-12-24 20:35:00,61.31878877932247,3487.950068713955,16.76492140111317,0.0732986593878901,0.3531534545856698,0.3743078564866169,162.15415895281572,49.092731324528046,2,Heavy Load,128,Normal operation,No action required,Normal,No action required
2024-12-24 20:40:00,101.226107428031,3676.960657479842,28.506426584586222,0.7216612064863794,0.1806194346110879,0.1538770682511614,108.60197403813972,23.334708951040515,2,Idle,129,Normal operation,No action required,Normal,No action required
2024-12-24 20:45:00,71.71362134016547,2650.119292930053,22.20829805361647,0.0773624788088507,0.648127516546707,0.1828529684388147,151.47887671079366,29.315859849328238,0,Cruising,130,Normal operation,No action required,Normal,No action required
2024-12-24 20:50:00,73.37107200749047,3883.0926362486375,29.82312466539864,0.3156273940732009,0.7445131467660882,0.2017551237215145,181.98443475358303,95.18036512247076,3,Heavy Load,131,Normal operation,No action required,Normal,No action required
2024-12-24 20:55:00,63.35873637704162,2716.1857425083226,19.433706100087285,0.5540751526566596,0.7439543973207609,0.7968404955522838,143.25422925365248,40.955676584402624,2,Cruising,132,Normal operation,No action required,Normal,No action required
2024-12-24 21:00:00,68.84791003332238,3492.8778289734664,21.210260559350772,0.7383810196804358,0.7715599974030973,0.703022822407023,72.82728206934789,20.732371519896333,3,Idle,133,Normal operation,No action required,Normal,No action required
2024-12-24 21:05:00,73.88385029204817,1823.3756689571792,19.254589110823,0.7794469170041397,0.9666861754567077,0.6233626474073853,162.48577914281017,24.36870323489788,2,Cruising,134,Normal operation,No action required,Normal,No action required
2024-12-24 21:10:00,65.85087084982342,2536.0455939162225,18.800337716492944,0.6475234756807137,0.8360528232797099,0.0039028272456042,166.7720725502965,82.29193523500233,0,Cruising,135,Normal operation,No action required,Normal,No action required
2024-12-24 21:15:00,116.45941933919993,1458.71592775485,16.973106707841346,0.3907556576811403,0.9909447381766254,0.7045645643977642,182.3934305478232,82.23413928879877,2,Cruising,136,Normal operation,No action required,Normal,No action required
2024-12-24 21:20:00,110.86778464472826,2747.1552020930203,23.493955825136656,0.1820421442879879,0.4729199876013605,0.2413278369660902,92.89804904491736,52.09364438653725,0,Idle,137,Normal operation,No action required,Normal,No action required
2024-12-24 21:25:00,116.40507487434868,1570.1205984967803,20.993266006854256,0.055917039900154,0.0634789162638738,0.1396588600724516,107.62241161002773,57.99915962144553,2,Cruising,138,Normal operation,No action required,Normal,No action required
2024-12-24 21:30:00,100.5892284504832,1289.296828101761,24.36905724700341,0.6884122791185896,0.4483564732783193,0.9165759462678448,134.17376047336268,56.00895302727292,1,Cruising,139,Normal operation,No action required,Normal,No action required
2024-12-24 21:35:00,88.99121107291359,2494.790238904282,25.55796249481083,0.037895066568401,0.4232944219951705,0.5992298090514011,168.32560528753075,31.26424047444768,2,Heavy Load,140,Normal operation,No action required,Normal,No action required
2024-12-24 21:40:00,97.30893813682152,1555.028588219374,25.108807754344618,0.3073882055935152,0.3290258789989833,0.7158802925471471,76.8770938195231,76.26736952235835,0,Heavy Load,141,Normal operation,No action required,Normal,No action required
2024-12-24 21:45:00,60.71273285579616,3142.988248062022,20.412042841044904,0.5218333247199921,0.0099718514287954,0.2109816321825189,118.0586572302794,82.81262398873294,0,Idle,142,Normal operation,No action required,Normal,No action required
2024-12-24 21:50:00,87.56907200056835,2800.108498455783,24.48651250630723,0.2052203172579865,0.5115027318777163,0.9241046283216644,144.79428285775575,66.25903518675466,2,Heavy Load,143,Normal operation,No action required,Normal,No action required
2024-12-24 21:55:00,66.32105907799537,1856.3634316940504,23.83264665458151,0.6065672344873041,0.7406617024929474,0.942717050805992,93.4979531323882,57.44336676935676,1,Cruising,144,Normal operation,No action required,Normal,No action required
2024-12-24 22:00:00,71.65462296413897,3338.092505865972,20.907348188247774,0.7812522728727804,0.7776211334941061,0.7015776627075963,64.22322013689659,55.19784045475256,0,Cruising,145,Normal operation,No action required,Normal,No action required
2024-12-24 22:05:00,108.92239929951002,2173.034704106143,17.826388962670357,0.6700720672703204,0.0900905593445867,0.9015783539340554,143.80272045783812,32.01207031774238,3,Heavy Load,146,Normal operation,No action required,Normal,No action required
2024-12-24 22:10:00,85.5726945926643,1347.4575601614874,22.621695412641134,0.7896677557296671,0.3329698617090593,0.491151562396145,100.35706173081265,96.74844007785086,1,Heavy Load,147,Normal operation,No action required,Normal,No action required
2024-12-24 22:15:00,116.57238364961891,3291.977669146384,24.635113637731894,0.8051333937558715,0.2132223892011649,0.4165789926173632,58.78227824503274,88.46271097241747,2,Cruising,148,Normal operation,No action required,Normal,No action required
2024-12-24 22:20:00,105.00770785639514,2122.350005988925,23.3416572847489,0.9223979544395372,0.4986597123495525,0.0934628181369415,150.77587383072148,82.62975230985953,3,Idle,149,Bearing misalignment,Bearing inspection performed,Warning,Bearing replaced
2024-12-24 22:25:00,111.13128778000672,2826.102580988673,25.53697490717836,0.594489669634366,0.0179243590963253,0.4750375714729278,96.46637195195524,21.72887897463681,3,Heavy Load,150,Normal operation,No action required,Normal,No action required
2024-12-24 22:30:00,62.03731238349775,1127.6833383482187,22.41519910737428,0.5566304083643343,0.8623242954478264,0.2982639559869193,118.41443987940436,55.08105757664467,0,Heavy Load,151,Normal operation,No action required,Normal,No action required
2024-12-24 22:35:00,103.8984801729535,1259.594534132527,17.89297581786325,0.0239403225421713,0.6373152406850096,0.5196188169030083,129.210551809302,33.312276803761506,0,Heavy Load,152,Normal operation,No action required,Normal,No action required
2024-12-24 22:40:00,89.96373225341449,1640.0046429493275,19.554990243766788,0.201201954480456,0.8685626218424518,0.4607999100224679,169.5766705406864,73.3407124790824,3,Heavy Load,153,Normal operation,No action required,Normal,No action required
2024-12-24 22:45:00,77.03980589213337,2872.39091292606,27.178698299200324,0.7439165519094594,0.0665086892720077,0.7744548137238936,97.60300704724702,73.32040444731095,3,Heavy Load,154,Normal operation,No action required,Normal,No action required
2024-12-24 22:50:00,116.68404462371652,3796.3573321557783,18.67537611329019,0.5482414822607172,0.4855254635712475,0.0297104223065579,104.34574436644012,93.84930269527376,2,Heavy Load,155,Normal operation,No action required,Normal,No action required
2024-12-24 22:55:00,91.19599657627826,1036.871853518851,25.73210374178056,0.7318535782877438,0.1466019982156663,0.7246379111484718,160.33934629676756,54.51730945176251,0,Heavy Load,156,Normal operation,No action required,Normal,No action required
2024-12-24 23:00:00,77.30533078683044,3219.172474185388,29.685330544276415,0.7933186772484577,0.1627737304734281,0.3970643425055975,108.97798196736667,66.28898271764518,0,Cruising,157,Normal operation,No action required,Normal,No action required
2024-12-24 23:05:00,99.68155351300584,2507.0354790998254,20.548773733881266,0.6971408239242306,0.2151760104924458,0.0167393113973293,52.941220536753775,42.02877015134152,2,Cruising,158,Normal operation,No action required,Normal,No action required
2024-12-24 23:10:00,99.16968747625512,2388.64170842259,29.42972191816768,0.4695690672948306,0.0170420729707456,0.6958445217274594,183.11212115799407,43.75284075689209,2,Cruising,159,Normal operation,No action required,Normal,No action required
2024-12-24 23:15:00,108.0126570371854,1337.616412840992,21.03038109092928,0.4515138346653577,0.4236962753927191,0.1043779473636988,128.5384929005956,61.32547570962228,0,Cruising,160,Normal operation,No action required,Normal,No action required
2024-12-24 23:20:00,77.97410975037906,3341.780027788176,16.185872178289344,0.0033999460974688,0.5996275042427778,0.5391588769921765,75.89516626662497,61.89417935922785,0,Idle,161,Normal operation,No action required,Normal,No action required
2024-12-24 23:25:00,110.82827403764652,1088.7937227810569,25.128667034925225,0.6926842226472962,0.2639100340624732,0.4382408911943903,187.22439676553876,45.89922999916995,3,Idle,162,Normal operation,No action required,Normal,No action required
2024-12-24 23:30:00,64.77427961292362,1783.2905554615693,26.701371593035127,0.4549260000209,0.1850945625420409,0.8485247278796637,125.59750069969073,90.19222513129604,2,Cruising,163,Normal operation,No action required,Normal,No action required
2024-12-24 23:35:00,119.83134350893975,3693.4138187299136,29.938548252097743,0.747526859368866,0.2157540697328009,0.5853493145391245,192.0048876334073,71.89166655315321,3,Idle,164,Normal operation,No action required,Normal,No action required
2024-12-24 23:40:00,82.13322773074728,2438.914739321469,22.928454081847192,0.7854966825533843,0.3860058990826854,0.175043829894839,91.72668680815246,52.70694915279868,0,Heavy Load,165,Normal operation,No action required,Normal,No action required
2024-12-24 23:45:00,67.25462791252355,1106.4060622506277,28.549905512892515,0.1325447325864462,0.0875245451607807,0.0962243187971612,120.1217130745969,67.30954183637462,1,Cruising,166,Normal operation,No action required,Normal,No action required
2024-12-24 23:50:00,78.14405231549048,3330.545016315351,19.932929135319547,0.858575182154286,0.5848836987975636,0.4570064429752446,102.6624120435454,75.65636796940124,0,Cruising,167,Normal operation,No action required,Normal,No action required
2024-12-24 23:55:00,76.99140448396892,1555.172559614105,17.112112872148717,0.1341289780709965,0.6544558232493256,0.9104406531595146,170.0966923739926,80.80489313852965,0,Idle,168,Normal operation,No action required,Normal,No action required
2024-12-25 00:00:00,105.69111779276795,1203.2904550216897,29.031394996875704,0.4359814829211316,0.1112133664418191,0.2369921478303512,193.50355435030963,84.75781477077092,2,Cruising,169,Normal operation,No action required,Normal,No action required
2024-12-25 00:05:00,67.84823923863739,3963.113765434493,26.113072910760813,0.6988914293052014,0.4091789368685735,0.4285552069208425,53.04226833859482,45.62625115645893,0,Idle,170,Normal operation,No action required,Normal,No action required
2024-12-25 00:10:00,116.24213485259727,3598.476187513492,19.16969255837389,0.6066089120245501,0.5469705666947811,0.3346937359332121,139.3314674064957,63.21183612549416,1,Idle,171,Normal operation,No action required,Normal,No action required
2024-12-25 00:15:00,113.4668712908681,1143.580207792514,20.143871256951265,0.0678620427450349,0.9393795680936724,0.3393519114336957,167.16258127248972,96.27581448113462,2,Cruising,172,Normal operation,No action required,Normal,No action required
2024-12-25 00:20:00,110.93043272807438,3400.607712964014,20.495376647512508,0.4602597314202005,0.1395591190850723,0.8422980078033264,180.3747582079256,43.43577196870968,0,Heavy Load,173,Normal operation,No action required,Normal,No action required
2024-12-25 00:25:00,67.70872209291329,3761.831985917309,20.04028917865512,0.0791765543167453,0.1556085415978443,0.2480239005830121,63.98866054140778,39.9966082216565,1,Cruising,174,Normal operation,No action required,Normal,No action required
2024-12-25 00:30:00,92.63464467252292,3325.1122847454994,29.78604584689744,0.9837029120913364,0.8111976641960279,0.7531960189182626,102.2416921714938,95.95755503311037,2,Cruising,175,Bearing misalignment,Bearing inspection performed,Warning,Bearing replaced
2024-12-25 00:35:00,70.72591603325266,2084.3133341439134,23.191665470199126,0.5797821489710079,0.014162063533137,0.6427236780190564,93.48162310074336,97.37175060322048,1,Cruising,176,Normal operation,No action required,Normal,No action required
2024-12-25 00:40:00,109.486872482902,3439.261681461116,27.07272671529322,0.1788548962163982,0.3232601130683151,0.9375689072779878,118.166043929619,45.58010286773808,1,Idle,177,Normal operation,No action required,Normal,No action required
2024-12-25 00:45:00,115.47518218615532,1262.1977682237705,17.66925719952225,0.7176072815257638,0.9336929195921294,0.1225310267868825,62.79979681135033,77.02715900059177,1,Idle,178,Normal operation,No action required,Normal,No action required
2024-12-25 00:50:00,97.24024165899996,1689.946962190565,20.52311459273499,0.8374783914202943,0.8927851465901744,0.9301485043266352,72.9810093305951,30.11293204159717,1,Idle,179,Normal operation,No action required,Normal,No action required
2024-12-25 00:55:00,118.29540332941244,3075.4647249483787,21.47726782857297,0.2663704967927432,0.4063051433124737,0.3716674167468307,53.35373887983344,89.3568086106793,0,Heavy Load,180,Normal operation,No action required,Normal,No action required
2024-12-25 01:00:00,75.70221142712313,2074.1101316433383,15.975131518292573,0.4509909859288545,0.2726321948840181,0.9790304736515548,152.57230187505667,71.93916522790062,0,Cruising,181,Normal operation,No action required,Normal,No action required
2024-12-25 01:05:00,116.17369321316724,3378.370839019712,18.059369572700906,0.6725772477797486,0.337247216041744,0.8108879332041846,197.82516501232487,30.453814492262943,3,Cruising,182,Normal operation,No action required,Normal,No action required
2024-12-25 01:10:00,73.8433566730812,1155.8346726061177,19.184242717660723,0.9385664074767858,0.2826156939329186,0.1025606930496778,178.6869277117351,41.73379965768324,1,Heavy Load,183,Bearing misalignment,Bearing inspection performed,Warning,Bearing replaced
2024-12-25 01:15:00,108.30141208425113,2528.239694079338,22.84262645663976,0.1637194948065846,0.3464614006664622,0.9421972627535188,162.80516877056323,32.511036083565294,0,Heavy Load,184,Normal operation,No action required,Normal,No action required
2024-12-25 01:20:00,109.87726262048608,3775.360076313884,21.52418880004776,0.5896266111855449,0.702997383578991,0.6791237910705185,144.50853412460935,43.30826957563637,3,Heavy Load,185,Normal operation,No action required,Normal,No action required
2024-12-25 01:25:00,69.19048184627185,3290.65506050891,28.505810544599303,0.3983389319838198,0.5771196190651936,0.8804927319261118,108.90194178598036,62.31420752897301,1,Cruising,186,Normal operation,No action required,Normal,No action required
2024-12-25 01:30:00,90.04474664847979,2988.0384061180093,24.70248105535136,0.8209913024898677,0.4235344733778107,0.5016312215555384,169.9953223086635,84.57490271325442,1,Cruising,187,Normal operation,No action required,Normal,No action required
2024-12-25 01:35:00,114.05082328075432,3866.510270236725,25.982754405154893,0.8365313854109847,0.285943578682119,0.7245453019996918,92.98902341276198,93.81262444989426,3,Cruising,188,Normal operation,No action required,Normal,No action required
2024-12-25 01:40:00,88.3187258789981,3446.797556882012,26.389752171590835,0.8991433688388677,0.3061940404159874,0.5228204484773736,187.98603400232528,53.66127969638686,3,Heavy Load,189,Normal operation,No action required,Normal,No action required
2024-12-25 01:45:00,75.1480574473478,2699.2993688575443,27.337581592528533,0.3328090488736871,0.978081757048998,0.3212916253179312,92.3263269498875,76.22241777107178,1,Idle,190,Normal operation,No action required,Normal,No action required
2024-12-25 01:50:00,86.08659993791328,2699.7931804653404,19.49562952535825,0.2324384891317346,0.8113939026045718,0.9119145937490016,59.20786522615268,81.89037634821123,0,Cruising,191,Normal operation,No action required,Normal,No action required
2024-12-25 01:55:00,77.04990235100509,1606.038129251113,26.90245078067124,0.1956797116738058,0.353791820239137,0.0475518913475884,80.05349817493334,67.15224860201346,0,Cruising,192,Normal operation,No action required,Normal,No action required
2024-12-25 02:00:00,65.71834155148125,1589.7629056052997,19.91625167891256,0.0892062007422047,0.7164390359190349,0.3445210874033458,158.52182712107856,23.18328935300549,1,Cruising,193,Normal operation,No action required,Normal,No action required
2024-12-25 02:05:00,61.30902505041598,3668.27667168085,18.84895354172504,0.9946232345449284,0.3726862912467362,0.2074798770612548,59.76475279162699,95.3216206131535,3,Idle,194,Bearing misalignment,Bearing inspection performed,Warning,Bearing replaced
2024-12-25 02:10:00,82.31744425930638,2076.350338776177,25.791797810542093,0.7631476842802967,0.6808513545988679,0.2554315992413277,110.94999682726431,49.32368604351496,1,Idle,195,Normal operation,No action required,Normal,No action required
2024-12-25 02:15:00,92.66631635755364,3693.530962706077,18.27491047293336,0.5506616478332197,0.0229729165740775,0.4485002982602585,138.30124082421085,23.93000996858532,2,Cruising,196,Normal operation,No action required,Normal,No action required
2024-12-25 02:20:00,106.06701341584228,1574.1698375647736,23.80384273367662,0.9750844894021072,0.5945505793194789,0.3216031260085052,79.7052414146313,67.61614579216933,0,Idle,197,Bearing misalignment,Bearing inspection performed,Warning,Bearing replaced
2024-12-25 02:25:00,107.7066906579618,2963.383909432497,21.439968269356264,0.1550361231785885,0.2095681731793308,0.4179317891556687,90.03827266245676,83.18413699568494,3,Cruising,198,Normal operation,No action required,Normal,No action required
2024-12-25 02:30:00,106.41956226968202,3964.8598779541217,29.5851301128138,0.8173888078300083,0.9876152829163182,0.9332851638337776,114.55102434588372,67.78898099645008,3,Cruising,199,Normal operation,No action required,Normal,No action required
2024-12-25 02:35:00,103.78511194969563,2400.819343481951,24.931228911679,0.3708642131042978,0.8853377221467745,0.1378821144271418,128.9739562336287,32.04423576307952,3,Heavy Load,200,Normal operation,No action required,Normal,No action required
2024-12-25 02:40:00,84.93375890971444,1211.972324381899,15.728654142515545,0.0579944867380762,0.1863403254665023,0.9917531182974658,155.35549398412533,99.3512393578742,1,Heavy Load,201,Normal operation,No action required,Normal,No action required
2024-12-25 02:45:00,78.61548130588064,3956.256415735975,27.579342605855324,0.044425404549916,0.744342671415307,0.167413331596783,81.59077703744472,92.369983201823,0,Cruising,202,Normal operation,No action required,Normal,No action required
2024-12-25 02:50:00,74.3280284214406,3101.5111563563546,28.930069001425817,0.0090564731778587,0.7450388665524086,0.1457869242273166,150.56734404283566,29.91223065145605,0,Cruising,203,Normal operation,No action required,Normal,No action required
2024-12-25 02:55:00,94.04839149345162,2286.6036443348576,20.88166979657367,0.65765360835553,0.8833959077012196,0.464542412321456,178.0939391474895,54.61906000625143,1,Cruising,204,Normal operation,No action required,Normal,No action required
2024-12-25 03:00:00,63.22603976859987,2828.622270050686,26.83795430928086,0.1862558699297258,0.3123634585178978,0.3006445915952889,106.91932198044596,23.98968880294266,1,Idle,205,Normal operation,No action required,Normal,No action required
2024-12-25 03:05:00,114.21673596461504,3157.083254922139,15.17299991711636,0.3344061294573865,0.7924084821422416,0.7564288741746458,50.572834764665856,84.33879900450066,3,Idle,206,Normal operation,No action required,Normal,No action required
2024-12-25 03:10:00,80.10332069589727,2696.38622643034,22.184523927894503,0.6184479781580868,0.1532988582364322,0.7499353419624072,118.13971641256862,69.1194426066952,1,Cruising,207,Normal operation,No action required,Normal,No action required
2024-12-25 03:15:00,66.29981888141376,3154.2863597940554,16.43911316302586,0.3509435941884098,0.0667218353324182,0.1458906033261133,79.66336494512507,79.48274411011182,3,Cruising,208,Normal operation,No action required,Normal,No action required
2024-12-25 03:20:00,90.47905376166035,3795.7284863397736,27.109004863409965,0.4654076114254325,0.8704721262684483,0.1864028878270706,105.22407181015038,50.3207911845827,2,Cruising,209,Normal operation,No action required,Normal,No action required
2024-12-25 03:25:00,105.50268556562465,3557.0730919277576,17.294291342301793,0.1644530931639036,0.1908145174516421,0.8496302941075372,81.02291235378958,58.107807031772566,1,Cruising,210,Normal operation,No action required,Normal,No action required
2024-12-25 03:30:00,88.82585232392302,2501.3309730359792,28.44482958390785,0.441495142354033,0.2790360641315896,0.1612174417882113,98.6007574272078,30.07294654732858,2,Cruising,211,Normal operation,No action required,Normal,No action required
2024-12-25 03:35:00,86.72793560822961,1711.331316709699,21.58521463002243,0.995055921587155,0.976179016852894,0.0888867708307742,131.68920980497649,61.75783353090931,3,Cruising,212,Bearing misalignment,Bearing inspection performed,Warning,Bearing replaced
2024-12-25 03:40:00,82.00030887682283,3153.792382307397,18.454570354137907,0.9229812874560898,0.596246055615315,0.6154377098838106,91.77360072707064,59.189680981902406,3,Cruising,213,Bearing misalignment,Bearing inspection performed,Warning,Bearing replaced
2024-12-25 03:45:00,77.4851043592277,3585.7875025621597,29.344937717197837,0.6115713272935995,0.7805482361592216,0.8054297152831031,80.52550759901679,72.35449621423253,1,Heavy Load,214,Normal operation,No action required,Normal,No action required
2024-12-25 03:50:00,84.90864525371994,1965.2404865785584,29.069163471867206,0.0216645095759023,0.297707899439641,0.4968190399119757,66.04942075123238,67.66987333240442,0,Idle,215,Normal operation,No action required,Normal,No action required
2024-12-25 03:55:00,87.01957658736235,2554.9198971059195,27.163934062831277,0.6198000935383614,0.2835413763206533,0.5666991879550739,50.46606344180377,44.54397671661017,0,Idle,216,Normal operation,No action required,Normal,No action required
2024-12-25 04:00:00,92.48805999501546,3405.612539182731,19.82566215755613,0.2548628972744797,0.7531801438798286,0.4837037141869615,182.86747383788375,41.39760071531605,3,Idle,217,Normal operation,No action required,Normal,No action required
2024-12-25 04:05:00,67.79418087552493,2106.837328228126,21.201205273457216,0.046735512731324,0.2521125473589126,0.7061381490898726,86.60414172398052,61.74798299490806,2,Idle,218,Normal operation,No action required,Normal,No action required
2024-12-25 04:10:00,75.50977414269919,1295.118527726809,19.605884961473397,0.0047731344380528,0.8485127579081861,0.1330153581639772,60.966822295159815,61.32225531576806,0,Cruising,219,Normal operation,No action required,Normal,No action required
2024-12-25 04:15:00,117.99174483176763,1898.0351331486515,20.127139507338004,0.224179570597748,0.1410702758737226,0.1856185787482803,82.6574049740525,95.38731773539772,0,Heavy Load,220,Normal operation,No action required,Normal,No action required
2024-12-25 04:20:00,80.03443898200975,1948.83876240022,26.771999579521,0.4536690140205037,0.5351140843384192,0.7760670863051571,131.86517210044968,20.56338247297465,1,Heavy Load,221,Normal operation,No action required,Normal,No action required
2024-12-25 04:25:00,87.53033411633312,1964.348823264172,27.748123335230844,0.8338164755260733,0.1393149765135091,0.2240150741671124,71.47032328371228,90.47130894208073,3,Heavy Load,222,Normal operation,No action required,Normal,No action required
2024-12-25 04:30:00,101.27429561458142,3692.703290172493,16.89977442419905,0.9210013382861294,0.9695181385113834,0.8416884015634019,69.21924177309475,84.24901314919083,0,Cruising,223,Bearing misalignment,Bearing inspection performed,Warning,Bearing replaced
2024-12-25 04:35:00,72.58307094735414,1555.2422902953767,27.972910512643267,0.5508884374380882,0.2610990936430812,0.958772574530857,86.75947216768989,51.643827049833845,0,Idle,224,Normal operation,No action required,Normal,No action required
2024-12-25 04:40:00,113.3838934561738,2679.923905240113,18.37493087321796,0.6348246853757257,0.0600212492594061,0.0933185629815089,54.12600610633038,71.45381047337646,3,Cruising,225,Normal operation,No action required,Normal,No action required
2024-12-25 04:45:00,88.88892263991245,2934.706914236252,20.997887962815028,0.1251306815803053,0.8732941222211177,0.7521905597084066,117.86481951734092,25.03539597535937,1,Idle,226,Normal operation,No action required,Normal,No action required
2024-12-25 04:50:00,66.7955387166379,3828.7639576769934,27.6338079110385,0.9149104761627532,0.6479290332235004,0.8580512864923977,121.177805149974,62.188592253857735,0,Idle,227,Bearing misalignment,Bearing inspection performed,Warning,Bearing replaced
2024-12-25 04:55:00,86.57830950696892,2571.424452318892,28.385261820976705,0.8025307132789944,0.651374636439554,0.1356075946217867,126.87639016430003,80.49556642543685,1,Cruising,228,Normal operation,No action required,Normal,No action required
2024-12-25 05:00:00,96.47049622727693,3495.533012970772,27.67183823333121,0.1886251989204859,0.0950014482446434,0.2664145398302741,84.94609066784889,32.64013680134907,1,Heavy Load,229,Normal operation,No action required,Normal,No action required
2024-12-25 05:05:00,97.43962014081116,1724.3358341916512,24.392013959171248,0.3566737645592228,0.7269371626009258,0.4319996906183896,157.65445876232462,37.34524176260696,3,Cruising,230,Normal operation,No action required,Normal,No action required
2024-12-25 05:10:00,114.48322458050774,1494.8148330820884,19.457146983372933,0.0517292357526766,0.4333609836630306,0.3008577572051424,54.57726038038535,85.16217810328064,0,Cruising,231,Normal operation,No action required,Normal,No action required
2024-12-25 05:15:00,90.88905393012736,2023.173425010342,21.56241756361582,0.0243040014157286,0.2009219276860301,0.9418328253302088,172.44360973747462,53.47887128518287,0,Idle,232,Normal operation,No action required,Normal,No action required
2024-12-25 05:20:00,116.35879158181152,3529.614533435285,20.18953697866333,0.5510178659437668,0.5784883173249499,0.2347750514043133,53.75954150041166,46.01129925678844,2,Heavy Load,233,Normal operation,No action required,Normal,No action required
2024-12-25 05:25:00,118.95513907909988,1551.3019686922016,26.88659803167478,0.6931056865137575,0.1880952805203251,0.1077494470406782,199.7709037516333,30.225280292217764,1,Cruising,234,Normal operation,No action required,Normal,No action required
2024-12-25 05:30:00,82.91381780722062,2562.6437010958643,15.834185063140549,0.2439993428461632,0.2559076314012601,0.8227634387892383,128.8136680726355,62.640848599911685,0,Heavy Load,235,Normal operation,No action required,Normal,No action required
2024-12-25 05:35:00,108.20248096217146,2709.958092759489,29.11098781957716,0.8999347246446899,0.8840294720847719,0.283845243416351,149.02871448630236,54.29367386658413,3,Cruising,236,Normal operation,No action required,Normal,No action required
2024-12-25 05:40:00,109.58753288867018,1359.392395854615,27.658680662724407,0.4246447778798716,0.4823058253376724,0.0752987134013593,175.1473786733452,62.93445352848569,1,Heavy Load,237,Normal operation,No action required,Normal,No action required
2024-12-25 05:45:00,112.0259280074766,3170.5795944667548,28.147522056181323,0.9962619930107148,0.9740495400840028,0.4887952372545727,157.1858610898938,28.46723980509107,1,Cruising,238,Bearing misalignment,Bearing inspection performed,Warning,Bearing replaced
2024-12-25 05:50:00,70.83082509232986,1367.3477291162774,19.58282074048072,0.6355905673273679,0.5266057957341863,0.7014993804484986,62.64379123182222,64.69640358104702,0,Cruising,239,Normal operation,No action required,Normal,No action required
2024-12-25 05:55:00,68.59575350003243,3854.948390137922,16.342840810125082,0.065562951797332,0.8253076114919645,0.2825944498429691,89.13706981069683,28.889042130789512,2,Heavy Load,240,Normal operation,No action required,Normal,No action required
2024-12-25 06:00:00,68.54635669061128,2950.4939752635905,29.252609667443984,0.4632488452068452,0.5105001871705734,0.5166105190052726,100.76180400786664,55.643576556581856,3,Idle,241,Normal operation,No action required,Normal,No action required
2024-12-25 06:05:00,99.8581439153872,1485.6583262906263,29.26301813050729,0.8723023327841775,0.6543878448403695,0.587962582780263,100.96502421086048,92.0650851480446,3,Idle,242,Normal operation,No action required,Normal,No action required
2024-12-25 06:10:00,118.64581536183098,2995.66978907644,27.30241757585365,0.2941276826473892,0.1035626458114293,0.5977252369309771,63.71940365424251,82.14990761802946,1,Heavy Load,243,Normal operation,No action required,Normal,No action required
2024-12-25 06:15:00,83.20367092944804,2954.996192549844,25.19348620990344,0.625590019435453,0.5450688873995007,0.2857319402487169,83.20522496059002,82.8572281801177,1,Idle,244,Normal operation,No action required,Normal,No action required
2024-12-25 06:20:00,79.8136528194269,3084.744895550066,19.83380999848685,0.4665430825785873,0.6446840917711028,0.5040638880175095,55.46882499791712,70.46878349612103,2,Heavy Load,245,Normal operation,No action required,Normal,No action required
2024-12-25 06:25:00,107.10683240423018,3541.5626506749136,28.15553919649925,0.4710536980952171,0.4605535479714194,0.9630220625413886,67.70127475929628,86.53740455186777,3,Cruising,246,Normal operation,No action required,Normal,No action required
2024-12-25 06:30:00,92.84691521541858,2112.7534431041595,23.331682102424462,0.4672995378507588,0.3128576853440009,0.1399291701166464,56.02082633953822,35.54007536672957,0,Heavy Load,247,Normal operation,No action required,Normal,No action required
2024-12-25 06:35:00,96.63435463613152,1980.862535739443,18.44816285072802,0.4385323584694156,0.9958688850946766,0.2058178521894655,189.5005903630759,47.458102190078186,0,Heavy Load,248,Normal operation,No action required,Normal,No action required
2024-12-25 06:40:00,78.88827431377698,1791.850241686601,26.664722785951746,0.7687650776887448,0.2800223975505046,0.8518674124218194,116.36347297970956,54.66322277514461,3,Cruising,249,Normal operation,No action required,Normal,No action required
2024-12-25 06:45:00,119.98219143203524,3759.962917331112,18.877108198748857,0.0221337329709091,0.1654470621146111,0.1897966807115058,109.122087703081,94.80547759454736,1,Idle,250,Normal operation,No action required,Normal,No action required
2024-12-25 06:50:00,112.78084674734282,3060.4902152849754,22.84640515337842,0.8341537098483428,0.6357826233185776,0.5359057395120452,126.7337746938084,98.74522444902324,3,Idle,251,Normal operation,No action required,Normal,No action required
2024-12-25 06:55:00,114.44931425622636,3761.781136972741,28.508188972470624,0.9397356945851634,0.2576470959383636,0.5430554106686957,188.72690692299892,25.179197619828003,0,Heavy Load,252,Bearing misalignment,Bearing inspection performed,Warning,Bearing replaced
2024-12-25 07:00:00,74.11344796616787,2984.564326783061,20.577163220926863,0.6316429849730223,0.1186312758478557,0.6909546376038648,152.21038956818452,68.88211855639662,1,Cruising,253,Normal operation,No action required,Normal,No action required
2024-12-25 07:05:00,117.8959055408305,2314.7454713559355,27.29004028438637,0.6018122956008619,0.6048630427344575,0.1494849410297137,69.40183735201578,49.02289867952064,1,Cruising,254,Normal operation,No action required,Normal,No action required
2024-12-25 07:10:00,113.68355447133966,1813.3819058899996,21.69744893641556,0.6914443082634067,0.5527477313439252,0.4311265932137955,100.98198541747924,55.47302179227435,3,Idle,255,Normal operation,No action required,Normal,No action required
2024-12-25 07:15:00,114.69284371485652,3186.1464998602764,23.19811123998793,0.6128182431362924,0.2646896092042777,0.5708743371831742,121.87557311654544,90.19826896313263,0,Idle,256,Normal operation,No action required,Normal,No action required
2024-12-25 07:20:00,101.93934542350712,2141.531760214412,29.318356395394044,0.225847692847243,0.9857048933359942,0.9865853393306324,85.33929751735417,61.90338298980948,0,Heavy Load,257,Normal operation,No action required,Normal,No action required
2024-12-25 07:25:00,81.58076148811786,1706.4178448368075,21.336998890507488,0.598834632556711,0.5761996526131581,0.7782146911423254,73.4244374755804,59.66342972921324,2,Cruising,258,Normal operation,No action required,Normal,No action required
2024-12-25 07:30:00,85.01087387168687,1459.1396611792436,25.352890634754186,0.4912645384293911,0.9084031929821804,0.7148049785177336,171.23757625781082,82.04473165670737,3,Heavy Load,259,Normal operation,No action required,Normal,No action required
2024-12-25 07:35:00,87.24773559055625,1486.269807523701,24.73724681929432,0.754666947293347,0.3224281211939288,0.0043911423340041,190.15291564602552,57.65849361156577,0,Idle,260,Normal operation,No action required,Normal,No action required
2024-12-25 07:40:00,106.1696957748352,3347.818693446007,22.29612989336925,0.6823275986641486,0.8291613011697936,0.5225489879572007,140.2107260975152,64.24711979329945,2,Cruising,261,Normal operation,No action required,Normal,No action required
2024-12-25 07:45:00,74.90582067492714,3130.9903451519126,19.174281927736345,0.0370776201952173,0.5277307543027164,0.139533208367977,167.93994017413513,24.26568032965589,1,Cruising,262,Normal operation,No action required,Normal,No action required
2024-12-25 07:50:00,91.3083334382628,1636.0583079585813,16.037487957641495,0.458091763477222,0.8150148830559877,0.0642635317689747,69.31776061688164,58.51210020422411,0,Idle,263,Normal operation,No action required,Normal,No action required
2024-12-25 07:55:00,68.97376937528988,3444.949900779361,27.751144589490785,0.8967579814328462,0.4309672224370902,0.2259654985341783,114.14598441363724,67.7388914499017,1,Heavy Load,264,Normal operation,No action required,Normal,No action required
2024-12-25 08:00:00,119.89856908167864,2346.059190807932,17.117803836193325,0.3977867649174978,0.3560778873441537,0.1517037642435595,85.67821162445367,29.238252790984944,0,Idle,265,Normal operation,No action required,Normal,No action required
2024-12-25 08:05:00,93.95875747176456,2292.93240860854,17.63576691325102,0.9973439353235536,0.17159967664325,0.2708555466315203,186.9106201707569,83.02672163557864,2,Idle,266,Bearing misalignment,Bearing inspection performed,Warning,Bearing replaced
2024-12-25 08:10:00,73.38368493375579,1530.7608548015446,15.098015955838214,0.4769857176077715,0.401742580005156,0.0724674867818567,178.02339081288144,54.76711506916129,0,Idle,267,Normal operation,No action required,Normal,No action required
2024-12-25 08:15:00,66.85710825401354,3960.206184284324,18.043913876351457,0.5393203327110049,0.9721658599093094,0.6528821161885808,122.53500675429213,63.51713199247392,0,Heavy Load,268,Normal operation,No action required,Normal,No action required
2024-12-25 08:20:00,91.2716826590522,2170.852748337396,16.03793123447673,0.9945120571866644,0.4500578136502268,0.7985661045168615,187.7488879971908,76.28134638000009,0,Cruising,269,Bearing misalignment,Bearing inspection performed,Warning,Bearing replaced
2024-12-25 08:25:00,108.13065458123162,2411.7269619485405,29.57942049921678,0.2257684406046388,0.0278606606358805,0.5126365027639779,103.83647696214577,66.52080628678382,0,Heavy Load,270,Normal operation,No action required,Normal,No action required
2024-12-25 08:30:00,90.48986684636296,3118.013722045145,23.689940804885484,0.1635004020358983,0.6083013334271018,0.9897121761609764,174.06014348288187,24.32739628332202,2,Cruising,271,Normal operation,No action required,Normal,No action required
2024-12-25 08:35:00,96.41214999593832,1995.162689400919,18.324673992168822,0.8854743332119495,0.9147710853106064,0.130793514432944,111.80924954102365,34.03304618726643,1,Heavy Load,272,Normal operation,No action required,Normal,No action required
2024-12-25 08:40:00,95.1338503962678,1424.3871766510651,24.76825410723022,0.4339741821805551,0.4518844606413974,0.0434273261089862,78.81766912620529,41.85771774911076,1,Heavy Load,273,Normal operation,No action required,Normal,No action required
2024-12-25 08:45:00,94.88648675611262,3190.577371257411,16.308153572208898,0.1417748824597188,0.0142774159881032,0.8889113102539599,102.72753369323132,42.14038189376715,0,Heavy Load,274,Normal operation,No action required,Normal,No action required
2024-12-25 08:50:00,73.43535742031098,2792.206778780457,27.751466955938653,0.7129258258721951,0.5334441193909517,0.3734881143218825,76.62987863782519,52.34874333777107,1,Heavy Load,275,Normal operation,No action required,Normal,No action required
2024-12-25 08:55:00,119.8428568458116,1978.554840049259,28.1370413375518,0.91221151439919,0.9040089679470008,0.3724724687985493,192.5914449180016,82.7968695829449,1,Heavy Load,276,Bearing misalignment,Bearing inspection performed,Warning,Bearing replaced
2024-12-25 09:00:00,70.35175475850156,1811.1202846898932,21.857689404445143,0.1506297755338798,0.3756640034131923,0.2964971948838427,120.0254517902916,30.01069284490084,1,Idle,277,Normal operation,No action required,Normal,No action required
2024-12-25 09:05:00,89.46999312328994,1636.4238242451397,15.894170879358352,0.3147709616032057,0.8405271436615374,0.066257232989762,187.6734052963307,69.13921804896903,1,Cruising,278,Normal operation,No action required,Normal,No action required
2024-12-25 09:10:00,109.55695259982576,1337.9340552722902,23.178483895301376,0.247014867667328,0.3946347549181106,0.9815559072420972,103.04863983710068,23.36168605495628,2,Cruising,279,Normal operation,No action required,Normal,No action required
2024-12-25 09:15:00,79.31413942634161,2374.3672373240543,29.19143175532581,0.2980980896692673,0.6918707550258731,0.4208008751947311,194.29755036653225,36.553122966575714,2,Idle,280,Normal operation,No action required,Normal,No action required
2024-12-25 09:20:00,68.45313100150928,3583.459654498148,23.010044838100576,0.8122949573121018,0.0911434364543575,0.8048626435994094,128.39015937971584,53.003508717872016,0,Cruising,281,Normal operation,No action required,Normal,No action required
2024-12-25 09:25:00,63.807247919974834,3012.8275975959896,16.954065468057124,0.6684918566058619,0.4671468205192982,0.9970647654128,117.19074660212132,54.40602241918083,1,Cruising,282,Normal operation,No action required,Normal,No action required
2024-12-25 09:30:00,109.49560406648284,2258.118923063216,21.227964187614063,0.4699712820762354,0.3169361737277923,0.6461663333517393,198.79844055999985,47.76155829896236,0,Idle,283,Normal operation,No action required,Normal,No action required
2024-12-25 09:35:00,81.81910766749651,3098.595620561782,27.775099286506087,0.4468466159029616,0.0093871400509936,0.5310660180191813,53.03858969212773,42.45703658819103,1,Cruising,284,Normal operation,No action required,Normal,No action required
2024-12-25 09:40:00,92.2784708254606,1363.275763512487,23.61705184290377,0.2999840953954626,0.8013265305009574,0.1990092136471155,107.8706397156168,42.34233280099191,2,Idle,285,Normal operation,No action required,Normal,No action required
2024-12-25 09:45:00,92.4660721380267,1275.917613821031,22.905929016236364,0.5726451521938355,0.2307726071258925,0.3241943652679454,113.52056419264868,48.262402349425145,0,Cruising,286,Normal operation,No action required,Normal,No action required
2024-12-25 09:50:00,60.67880759487115,2606.270963207144,21.192428715277543,0.8637349158672896,0.3538035224996348,0.2061869204076262,143.07913858000103,62.12665731569501,2,Heavy Load,287,Normal operation,No action required,Normal,No action required
2024-12-25 09:55:00,88.84191254876478,1213.1075955315082,16.488191818965642,0.124995359596942,0.1338216714383709,0.3891210117017161,106.98005323040384,52.59042775722875,2,Cruising,288,Normal operation,No action required,Normal,No action required
2024-12-25 10:00:00,93.54028412619536,3586.41006624471,20.065758207818924,0.2796373676177689,0.6422350755747688,0.7546058856927376,168.4373204920333,58.78808451620613,0,Idle,289,Normal operation,No action required,Normal,No action required
2024-12-25 10:05:00,110.61774650203988,2899.3997990631933,24.764636441515663,0.0914517307486745,0.9810587087370304,0.8829765545748052,132.8224756122794,50.1277603079976,0,Heavy Load,290,Normal operation,No action required,Normal,No action required
2024-12-25 10:10:00,65.95008620991015,2460.1049764203626,29.12836272540789,0.6138942294947562,0.3963713457335043,0.5880306710042507,73.40386624477071,85.69030558553241,0,Idle,291,Normal operation,No action required,Normal,No action required
2024-12-25 10:15:00,79.52029649686884,2509.885828800647,26.21607200711321,0.8164288502110105,0.303994048036618,0.9826981086159317,192.45385588075268,20.73508456279269,0,Idle,292,Normal operation,No action required,Normal,No action required
2024-12-25 10:20:00,91.24537592727624,2080.901175495865,26.13480288427082,0.7314201496225311,0.6237805151114432,0.0798186371784605,144.46586116934935,90.63327174255464,3,Cruising,293,Normal operation,No action required,Normal,No action required
2024-12-25 10:25:00,117.57507844304035,2251.5195805200124,29.12141697585598,0.5766077815270274,0.3039694648878597,0.2099174443781775,171.4538841208573,54.03503221132962,1,Idle,294,Normal operation,No action required,Normal,No action required
2024-12-25 10:30:00,117.3988244986985,1325.7458056114192,24.0793306506921,0.548928245243516,0.2684550146553549,0.2555546679940023,103.1642364525288,86.42193452220707,0,Idle,295,Normal operation,No action required,Normal,No action required
2024-12-25 10:35:00,113.98964201452856,2881.4299558361845,26.46307228603,0.0743172223571981,0.1314154444810413,0.834199663263256,80.2657012408136,57.45748306007319,0,Cruising,296,Normal operation,No action required,Normal,No action required
2024-12-25 10:40:00,84.0948203922608,1140.3734088712492,22.682727142636463,0.0259345677404703,0.3478583204657886,0.2863786666417741,51.26238349518475,95.01048831509318,1,Cruising,297,Normal operation,No action required,Normal,No action required
2024-12-25 10:45:00,103.69207737726438,2805.718891952318,18.992914834825896,0.0830737243248792,0.3026480846830155,0.5940881176554045,83.33470304178219,33.31908971381786,3,Idle,298,Normal operation,No action required,Normal,No action required
2024-12-25 10:50:00,113.1871879400196,2282.0390164204205,23.92515584703343,0.0323765149731424,0.1719647732509294,0.6523930975646809,71.69464641908374,86.89296037503611,2,Cruising,299,Normal operation,No action required,Normal,No action required
2024-12-25 10:55:00,81.42039334396866,2355.408992278581,16.32229407565551,0.6073605431167762,0.7377038519729605,0.6326080691788384,113.84179877062422,43.13311102485802,1,Heavy Load,300,Normal operation,No action required,Normal,No action required
2024-12-25 11:00:00,115.68367093623804,1152.5539648360889,22.064757848420506,0.7397499707519332,0.5219925568844128,0.9596176720687568,191.6269004476996,73.97893344723809,2,Heavy Load,301,Normal operation,No action required,Normal,No action required
2024-12-25 11:05:00,76.82982130647638,1518.2521565604054,27.74253697650093,0.5696233457722877,0.2035183349963045,0.8300537016910954,155.11091441393793,86.26049323607191,1,Idle,302,Normal operation,No action required,Normal,No action required
2024-12-25 11:10:00,76.72878065459379,2469.878594592697,29.901753875071805,0.4298252447931625,0.7311645145995385,0.5596929429796114,75.44545449202081,96.72793037094203,0,Idle,303,Normal operation,No action required,Normal,No action required
2024-12-25 11:15:00,101.90713922085608,2692.343057251797,21.961749860017523,0.2605975202236107,0.6220458237784814,0.4006594234147955,180.8294204585787,97.76176530255732,3,Idle,304,Normal operation,No action required,Normal,No action required
2024-12-25 11:20:00,70.00821860819683,1944.741806044052,25.52320888511096,0.7965621977404308,0.8241560730618535,0.1343035983488832,132.6781095100238,88.49888924518814,1,Cruising,305,Normal operation,No action required,Normal,No action required
2024-12-25 11:25:00,107.25351093104618,2907.297472796088,18.40982238379257,0.5451408050459812,0.3572117094465912,0.5885736174867943,195.46383939652267,30.702129801787432,0,Heavy Load,306,Normal operation,No action required,Normal,No action required
2024-12-25 11:30:00,94.92794336911643,3039.8292097701574,19.52580508695403,0.1957907950892234,0.5463326179336685,0.3547477736148798,50.51730738282363,43.33983788149286,0,Heavy Load,307,Normal operation,No action required,Normal,No action required
2024-12-25 11:35:00,85.86909144168445,2677.599739985275,24.658182958317667,0.5377356104686604,0.7538491033389704,0.3696584718913297,189.72077291496973,82.90384408790212,2,Heavy Load,308,Normal operation,No action required,Normal,No action required
2024-12-25 11:40:00,117.11062646783466,2746.4031009168484,17.531772375561793,0.0660072323867283,0.5989285330497955,0.0974086520240734,160.09032670804498,42.83803833327354,2,Idle,309,Normal operation,No action required,Normal,No action required
2024-12-25 11:45:00,105.80035375301708,1170.664590760818,17.916371298822053,0.4156704555928718,0.4051295808994803,0.7217467829740147,119.89835352844034,85.56631252436705,2,Idle,310,Normal operation,No action required,Normal,No action required
2024-12-25 11:50:00,97.36096422363866,1760.0696759346515,27.03689799259512,0.2462772445577568,0.466122255236172,0.9885371742957036,57.3326519249417,29.076321224319656,3,Cruising,311,Normal operation,No action required,Normal,No action required
2024-12-25 11:55:00,95.0756406455536,3758.528381971599,24.90876138577416,0.0084646032414429,0.7299074300377756,0.4513700019811123,79.82845890938279,60.06458974496858,1,Idle,312,Normal operation,No action required,Normal,No action required
2024-12-25 12:00:00,103.36620332884488,3887.179793659995,26.84120714389083,0.8568097801242082,0.2923509737173849,0.1206010415491205,192.1332607864415,86.78174517874511,3,Idle,313,Normal operation,No action required,Normal,No action required
2024-12-25 12:05:00,92.3711048833706,3364.9758687732374,28.091843755434738,0.9068239368008638,0.781124424535897,0.7662935448348873,169.96308352265416,79.07316184712907,1,Idle,314,Bearing misalignment,Bearing inspection performed,Warning,Bearing replaced
2024-12-25 12:10:00,77.5747775923318,1737.6584376762307,20.8804252941694,0.4273418141962187,0.9299256245028588,0.5964829094660816,144.5644011390219,48.63525376953967,0,Idle,315,Normal operation,No action required,Normal,No action required
2024-12-25 12:15:00,94.87312425355633,2619.0584651051067,28.783482944526916,0.6408106075465784,0.4030668975516962,0.7017943393172879,177.47943871852232,88.93237694071458,2,Cruising,316,Normal operation,No action required,Normal,No action required
2024-12-25 12:20:00,104.00029841372256,1671.4909258171251,18.08390833597957,0.3012927096583946,0.4677693358158268,0.7113696574742294,124.42678786296692,27.220742728950267,0,Cruising,317,Normal operation,No action required,Normal,No action required
2024-12-25 12:25:00,72.06902812532299,1868.982034326873,18.951416832285112,0.9663760239671748,0.0301944286394733,0.9000071107492104,87.74468297052061,50.38981413421914,3,Cruising,318,Bearing misalignment,Bearing inspection performed,Warning,Bearing replaced
2024-12-25 12:30:00,113.76345114377018,1533.564916607328,25.38840400063155,0.5464069843716866,0.936097925460657,0.98201927181522,161.0160259513581,91.87469236417388,2,Idle,319,Normal operation,No action required,Normal,No action required
2024-12-25 12:35:00,72.26335664977812,3825.6901179378488,16.047162178635837,0.4177026491086696,0.7430822542778552,0.7481642784929016,114.80947578355938,34.43342070659435,3,Heavy Load,320,Normal operation,No action required,Normal,No action required
2024-12-25 12:40:00,81.92922865803544,1702.3858505944868,16.275206265868494,0.3593883896410673,0.758213255211853,0.2970559804663257,104.06111805004842,22.098403563080407,0,Idle,321,Normal operation,No action required,Normal,No action required
2024-12-25 12:45:00,92.35433565430368,1445.155305731189,29.899857653611477,0.1199088320547893,0.5668175226357545,0.0272608242463175,182.4075140012524,94.7748650327122,0,Heavy Load,322,Normal operation,No action required,Normal,No action required
2024-12-25 12:50:00,119.94280666840136,2933.4768366851777,16.83981709438001,0.0717532750053264,0.2098225724224744,0.1624968135260646,168.09753916704886,57.3631677688907,3,Idle,323,Normal operation,No action required,Normal,No action required
2024-12-25 12:55:00,105.91967175206604,1877.168471460224,15.288117291947366,0.2392136723712443,0.0508132698544828,0.8993238280828578,159.11959007174397,21.912533903233687,1,Idle,324,Normal operation,No action required,Normal,No action required
2024-12-25 13:00:00,90.66672550920568,1151.2782395701038,20.714521374878792,0.3830645484887015,0.5938006340525679,0.8819932592611567,187.23322053714116,89.67718437878435,0,Heavy Load,325,Normal operation,No action required,Normal,No action required
2024-12-25 13:05:00,109.46869413163448,2684.135686354932,19.57325905778997,0.1294352295099802,0.3348423461796705,0.340441352664075,119.6135069601718,67.1006035670558,2,Idle,326,Normal operation,No action required,Normal,No action required
2024-12-25 13:10:00,63.52869573904242,2499.497377858549,19.129207164845653,0.8277020252371832,0.6988764153705391,0.4919166977300866,106.62546740770831,77.96295795112766,1,Idle,327,Normal operation,No action required,Normal,No action required
2024-12-25 13:15:00,119.23826165366404,2532.304323414267,26.75866162064329,0.6024953337199606,0.1384662407565747,0.4369842061387518,195.43433992313695,39.6138902268746,2,Idle,328,Normal operation,No action required,Normal,No action required
2024-12-25 13:20:00,75.54445226925911,1104.063077348041,23.64463776611683,0.0267677946593624,0.3995810130162454,0.4847150323328046,84.21543957402754,48.59205852990924,0,Cruising,329,Normal operation,No action required,Normal,No action required
2024-12-25 13:25:00,116.73505633729872,3742.763424811641,24.05192194890996,0.3387487863901888,0.1171762994224681,0.7005121540653299,75.41776024527746,71.15456979279239,1,Idle,330,Normal operation,No action required,Normal,No action required
2024-12-25 13:30:00,88.09249888679288,2115.529497728182,17.52701280931089,0.8607190566427697,0.6714422861367311,0.9249644958768732,84.40183878088934,78.03307451422296,3,Cruising,331,Normal operation,No action required,Normal,No action required
2024-12-25 13:35:00,69.82413511571183,3302.935558956291,16.685718365866236,0.7816057898346369,0.3635589596677862,0.3407112232622261,58.34654251839065,46.805471833102565,3,Heavy Load,332,Normal operation,No action required,Normal,No action required
2024-12-25 13:40:00,111.47127422158128,1452.272087719306,20.244687740689265,0.7646205264824167,0.1061164578617948,0.3609633620176803,187.99527785980968,89.15172440731564,1,Cruising,333,Normal operation,No action required,Normal,No action required
2024-12-25 13:45:00,60.82706627951764,1744.8767387540624,20.15777352984809,0.3025645402429175,0.2755155040949618,0.9408940442149109,184.94149974774257,64.27357530490329,2,Heavy Load,334,Normal operation,No action required,Normal,No action required
2024-12-25 13:50:00,70.23991308601097,1857.9146133524152,25.556617183624542,0.2153273268655553,0.4915548617249224,0.2878001723880006,163.72723336408882,35.605234103607096,0,Heavy Load,335,Normal operation,No action required,Normal,No action required
2024-12-25 13:55:00,89.66667704913769,1563.4628818787914,25.46224265603741,0.8667782430169427,0.7759255708166396,0.3606159534936184,144.80329093562025,31.461643278456588,1,Heavy Load,336,Normal operation,No action required,Normal,No action required
2024-12-25 14:00:00,89.27914020957567,1209.2990707365248,18.944979690894,0.9883238718740048,0.4311081916215628,0.2806094552169852,116.48681155581976,41.85523079331293,3,Idle,337,Bearing misalignment,Bearing inspection performed,Warning,Bearing replaced
2024-12-25 14:05:00,87.12036625566981,3933.383787423594,25.158904101626703,0.7290842198519399,0.0565778231340109,0.8503620476961911,53.49788640160809,61.43727649534175,2,Heavy Load,338,Normal operation,No action required,Normal,No action required
2024-12-25 14:10:00,101.94083631454706,3316.5819243859264,25.4515824415155,0.098721096513281,0.3508584334829872,0.3736993827702631,124.96939937533952,73.24466044910787,0,Cruising,339,Normal operation,No action required,Normal,No action required
2024-12-25 14:15:00,68.56960423297284,3652.59864974864,26.60436916906028,0.3391597301601139,0.2504613982910935,0.2833442713174227,131.84033729919622,58.56448885512564,3,Idle,340,Normal operation,No action required,Normal,No action required
2024-12-25 14:20:00,103.23792814036428,2980.96659400518,27.25822616039138,0.5947123261358096,0.4021872533688945,0.5146613365415875,198.53822180471127,93.668935619213,1,Heavy Load,341,Normal operation,No action required,Normal,No action required
2024-12-25 14:25:00,112.9606741129763,1297.3004369315502,21.649017044316853,0.89133573501185,0.804970429052236,0.1164365643387269,188.3247094735463,72.50556070184828,1,Idle,342,Normal operation,No action required,Normal,No action required
2024-12-25 14:30:00,60.01311842316117,3950.833557391042,16.39634039107529,0.3104317009968018,0.7406646635396001,0.7204706213840298,157.8295167308025,66.2703584009183,1,Idle,343,Normal operation,No action required,Normal,No action required
2024-12-25 14:35:00,77.50714658018107,2624.065527024099,27.727239587095315,0.9102346535892624,0.7296148092153049,0.4661679892898318,162.17371127807087,21.50534789859677,1,Idle,344,Bearing misalignment,Bearing inspection performed,Warning,Bearing replaced
2024-12-25 14:40:00,79.56367497361778,1406.1960144922691,18.855765646241903,0.4493348611687199,0.0614201212675189,0.8954962298199076,121.18722310460016,78.28196110170639,3,Idle,345,Normal operation,No action required,Normal,No action required
2024-12-25 14:45:00,110.65952755947106,1399.3556436259423,18.7379009188366,0.622095635809958,0.8534432969938412,0.1015213419628696,162.52149540374154,97.16332660770394,1,Cruising,346,Normal operation,No action required,Normal,No action required
2024-12-25 14:50:00,116.94756063707032,3873.746582990209,25.087365937560243,0.3485318079378029,0.1071587193532643,0.5726373966654156,61.97366125985108,85.50638190543297,2,Cruising,347,Normal operation,No action required,Normal,No action required
2024-12-25 14:55:00,116.58285702109222,3668.889541416149,20.54838634186596,0.2724587713907023,0.6426870660560866,0.5017891093648064,89.3942382123629,75.81546084746219,0,Cruising,348,Normal operation,No action required,Normal,No action required
2024-12-25 15:00:00,82.40868058447856,3781.093652743604,27.348470411936027,0.9025089983897396,0.3597794177410482,0.7801918706699179,65.49222329706265,59.59311661497254,0,Cruising,349,Bearing misalignment,Bearing inspection performed,Warning,Bearing replaced
2024-12-25 15:05:00,93.5448800529375,2178.199790658411,15.90938881077594,0.5742392302092851,0.0341999383279927,0.2202101968890524,110.28604348518196,30.86727153926371,0,Cruising,350,Normal operation,No action required,Normal,No action required
2024-12-25 15:10:00,95.27125822327773,1053.5721084112977,18.337595352354093,0.1806233825869245,0.149235422867481,0.4293732198386308,172.18450416097085,65.02485621308593,2,Heavy Load,351,Normal operation,No action required,Normal,No action required
2024-12-25 15:15:00,103.59612369316189,1373.531623935115,19.586092570106963,0.3189104933243014,0.7676052298772544,0.8140974848347865,168.06518759370073,36.90009329662863,1,Cruising,352,Normal operation,No action required,Normal,No action required
2024-12-25 15:20:00,76.06627274390858,3045.15748919042,28.44851685893292,0.2821076738828577,0.2334488628357166,0.6987897832427685,154.1976528030682,26.58887101919204,2,Heavy Load,353,Normal operation,No action required,Normal,No action required
2024-12-25 15:25:00,61.08129871954655,3346.929387735664,15.79716590571419,0.1750896695061867,0.7607736423208478,0.2198406045333539,77.69669348866067,65.4145900164734,0,Idle,354,Normal operation,No action required,Normal,No action required
2024-12-25 15:30:00,86.48388900573565,2498.346876221566,26.31836501459028,0.0246222579302372,0.5704361845815187,0.9234935337398535,65.47453346801296,70.7483933005594,1,Heavy Load,355,Normal operation,No action required,Normal,No action required
2024-12-25 15:35:00,79.80707021981752,2257.328987026628,26.087474719985657,0.8717046570184425,0.9637100253092794,0.9537717275913056,53.68056468465176,46.45291560743998,1,Idle,356,Normal operation,No action required,Normal,No action required
2024-12-25 15:40:00,92.22644091782784,3479.8127889535067,15.834603379570964,0.5350957613201612,0.3868990917901569,0.7091216818685202,197.99977447197205,94.85356870604312,1,Heavy Load,357,Normal operation,No action required,Normal,No action required
2024-12-25 15:45:00,87.61097632181566,3425.997632093132,28.48256293527184,0.1506907006989505,0.4070934184117669,0.4801841562246459,93.47170676441048,22.63809909911117,0,Idle,358,Normal operation,No action required,Normal,No action required
2024-12-25 15:50:00,89.46598251881119,3356.4500311349284,16.988982509806412,0.5708848292844723,0.1429320069871802,0.96148027804494,174.1012188427346,88.6111742562832,0,Idle,359,Normal operation,No action required,Normal,No action required
2024-12-25 15:55:00,82.99933698680096,3273.4146151877594,15.429081900224922,0.5335122041566717,0.2706202869867948,0.8820661811902887,129.30201369618715,64.71711507022775,1,Cruising,360,Normal operation,No action required,Normal,No action required
2024-12-25 16:00:00,97.3640775156619,1638.6333084038724,21.07946120892748,0.4177194128247833,0.8574467696654032,0.7137301724831778,115.49825789848586,49.40336100067088,3,Cruising,361,Normal operation,No action required,Normal,No action required
2024-12-25 16:05:00,104.12904908568332,1586.453680200559,15.898084500002792,0.716080101765362,0.3390975158841612,0.2322904507971389,124.08677454883323,54.72528472351546,2,Cruising,362,Normal operation,No action required,Normal,No action required
2024-12-25 16:10:00,115.42981862770372,2242.243785297137,16.766453670588376,0.24659202558936,0.3947869809356412,0.0755637776374209,77.001153972158,58.91202354461558,2,Cruising,363,Normal operation,No action required,Normal,No action required
2024-12-25 16:15:00,85.42514798750382,3181.1064215722777,27.381527194880533,0.6667470178885648,0.9128024681753244,0.0963383362044876,144.8458073820811,87.57014407537787,3,Heavy Load,364,Normal operation,No action required,Normal,No action required
2024-12-25 16:20:00,117.73903032343128,3441.534776511712,22.428392900615577,0.7214548404229957,0.077748181373367,0.2338458693046726,164.57476099948877,25.871314910041725,0,Heavy Load,365,Normal operation,No action required,Normal,No action required
2024-12-25 16:25:00,67.96119503645659,3741.806883102097,17.316713450075135,0.0855930323798798,0.9357764710387724,0.6509645390384968,102.06266605776968,86.55474609596882,2,Cruising,366,Normal operation,No action required,Normal,No action required
2024-12-25 16:30:00,115.58687011761624,3716.5735284198745,18.635697391405277,0.984537516528083,0.6871204258684178,0.4327612997904813,85.75521224353503,78.05455337065789,0,Idle,367,Bearing misalignment,Bearing inspection performed,Warning,Bearing replaced
2024-12-25 16:35:00,115.99423801713483,3587.443115010474,21.728125596035845,0.717620612293348,0.4005545436728962,0.095926234447929,101.14587886803936,33.891711098057186,2,Idle,368,Normal operation,No action required,Normal,No action required
2024-12-25 16:40:00,62.58001659435727,3007.019024782871,24.3137805545298,0.1186931218140382,0.9107290385804924,0.8353834339733722,155.87718422418962,76.34806864407821,3,Heavy Load,369,Normal operation,No action required,Normal,No action required
2024-12-25 16:45:00,102.00882940213889,1000.7373831114768,24.070171003607904,0.9513492899732254,0.1748754210785736,0.6763837056579018,194.8948859845457,63.00141912512661,3,Cruising,370,Bearing misalignment,Bearing inspection performed,Warning,Bearing replaced
2024-12-25 16:50:00,113.50889465853248,3995.148520923967,16.880958619292105,0.8835504367717787,0.3386736504875688,0.8781705745788609,160.19052915476937,96.88940762757484,1,Idle,371,Normal operation,No action required,Normal,No action required
2024-12-25 16:55:00,72.85291748900474,2037.6481683109928,17.044453531454415,0.1035972872112545,0.9417171301286515,0.3210406583605114,74.61661718111374,44.06272516440033,3,Idle,372,Normal operation,No action required,Normal,No action required
2024-12-25 17:00:00,63.538357825009406,1956.429461373274,29.809465280441067,0.5950950437630412,0.4843407306448388,0.5139089003468926,140.06383299576137,99.4534630597448,0,Heavy Load,373,Normal operation,No action required,Normal,No action required
2024-12-25 17:05:00,119.25487105719095,3261.8501708608296,15.582968013342844,0.0062715398961825,0.2282236145501988,0.9993840013037484,136.0523316051136,35.695718497156,0,Heavy Load,374,Normal operation,No action required,Normal,No action required
2024-12-25 17:10:00,76.31432793709081,2699.8526584446704,21.37012369479551,0.381256842611834,0.979614822684464,0.0990228118606363,100.67827851316362,64.7274028680051,1,Cruising,375,Normal operation,No action required,Normal,No action required
2024-12-25 17:15:00,119.91008774965688,3604.152064301961,25.78861308535031,0.6002959524473728,0.2036455739056795,0.0437850106810833,85.19351973280374,75.47873999438248,0,Idle,376,Normal operation,No action required,Normal,No action required
2024-12-25 17:20:00,77.91936993033224,3463.597628282645,26.23277046321683,0.0177204395763853,0.7711937955025566,0.3233425432227075,146.625856189098,67.53349722569818,2,Idle,377,Normal operation,No action required,Normal,No action required
2024-12-25 17:25:00,85.57678269932624,3384.338470383408,16.538477112436187,0.0492795158806113,0.0849845312028577,0.8394675991159233,198.06544148604385,43.94420466485536,1,Cruising,378,Normal operation,No action required,Normal,No action required
2024-12-25 17:30:00,112.13822995146133,3996.039482303775,17.37585350639835,0.044431311519835,0.914155963406187,0.9969423629013836,60.09911330637839,44.56683423085658,1,Cruising,379,Normal operation,No action required,Normal,No action required
2024-12-25 17:35:00,100.13397686116409,1244.12711479699,24.367106211022755,0.8932132789092573,0.7525726647616643,0.5631599307526045,110.40777103925706,21.779825086546136,2,Cruising,380,Normal operation,No action required,Normal,No action required
2024-12-25 17:40:00,117.13189462440243,3133.606023779688,25.237854878769063,0.3565644070676913,0.5804551279221576,0.8754900376174398,110.23095529599011,79.08212707631054,2,Idle,381,Normal operation,No action required,Normal,No action required
2024-12-25 17:45:00,102.36882937969676,3101.3203980904777,21.110297635058533,0.7997309937867478,0.7716650126746097,0.5271953148710752,168.99087710706584,82.13396242392454,3,Cruising,382,Normal operation,No action required,Normal,No action required
2024-12-25 17:50:00,62.51705348078637,2393.2557204528857,16.597929058866505,0.26267252123898,0.4675703737268354,0.497012087423447,101.53507547564728,58.16619665625314,2,Heavy Load,383,Normal operation,No action required,Normal,No action required
2024-12-25 17:55:00,63.14203030423168,3856.5235846200985,20.96809273108707,0.3135602938237294,0.5904944710167355,0.0598016897926552,51.6550476755797,35.292656707978125,2,Idle,384,Normal operation,No action required,Normal,No action required
2024-12-25 18:00:00,65.15699110083354,3991.186240609637,16.311844894037367,0.6339418015296557,0.8707906466242393,0.0172841637885949,63.58243351651229,59.41336776723397,0,Cruising,385,Normal operation,No action required,Normal,No action required
2024-12-25 18:05:00,94.30173743013049,1216.5908070062092,23.70508833545446,0.1280659969350466,0.6998634594164783,0.1913752695458794,165.43104765883987,26.624269029824426,3,Cruising,386,Normal operation,No action required,Normal,No action required
2024-12-25 18:10:00,73.99032300249574,3292.18974254502,22.24585473478583,0.3609217150761148,0.3027326546504824,0.4335173402199348,151.81054178075306,59.358838948936175,0,Heavy Load,387,Normal operation,No action required,Normal,No action required
2024-12-25 18:15:00,73.71374274282057,1170.317007793877,19.7908104681509,0.2704380266386219,0.5532277830512689,0.7143170486658504,156.618375385552,66.5009753224005,3,Idle,388,Normal operation,No action required,Normal,No action required
2024-12-25 18:20:00,73.46003998065166,1229.8129760186978,21.404767436187036,0.1159368194748016,0.6456453200648951,0.8117043631612356,71.0220159493947,67.18574347959574,1,Heavy Load,389,Normal operation,No action required,Normal,No action required
2024-12-25 18:25:00,93.64444874071827,2803.703434538796,21.90452291019387,0.4816935738665664,0.6444953030672672,0.823261492214148,71.64883299796011,29.62537570530379,2,Idle,390,Normal operation,No action required,Normal,No action required
2024-12-25 18:30:00,84.90989553265865,1718.656172634928,15.414226718918467,0.4189420291169655,0.1151235326548388,0.2596287998981875,55.84333612539794,35.33489843519948,3,Cruising,391,Normal operation,No action required,Normal,No action required
2024-12-25 18:35:00,91.37861384113708,2036.1459211207748,20.760671803826177,0.1439305859608911,0.6145154046277461,0.47033991383845,82.44415717665643,65.21612711775141,0,Idle,392,Normal operation,No action required,Normal,No action required
2024-12-25 18:40:00,111.3366786586453,1822.7322396097295,26.475586275787457,0.4346739969342689,0.8558856577121927,0.9169940094096568,152.89257611193807,31.064641658854207,0,Idle,393,Normal operation,No action required,Normal,No action required
2024-12-25 18:45:00,81.49737582980399,1250.562496404497,19.02642637760435,0.6776051724916743,0.5976986695906839,0.5401385891509357,99.62084066339229,70.45308587461368,1,Heavy Load,394,Normal operation,No action required,Normal,No action required
2024-12-25 18:50:00,71.77293198639205,1520.8377213814229,26.66248374880358,0.4934145946246012,0.3533335883005799,0.0334162329813793,140.3451252962853,70.06864004851033,1,Idle,395,Normal operation,No action required,Normal,No action required
2024-12-25 18:55:00,105.02564680190991,3099.243336965447,22.31157167307077,0.3363026117710395,0.7898197861075983,0.7536491004310589,158.99891366679554,20.165186773462796,1,Idle,396,Normal operation,No action required,Normal,No action required
2024-12-25 19:00:00,84.24604402209079,2115.27794118101,15.576801750015813,0.863015557324721,0.128273154384769,0.9838556749810256,121.04763924315364,20.773704707450182,0,Cruising,397,Normal operation,No action required,Normal,No action required
2024-12-25 19:05:00,81.35466405566666,2816.379246628775,18.44260820797997,0.3903964576868494,0.5266770307961739,0.5564065409385465,116.41093921881382,42.98358243168408,0,Heavy Load,398,Normal operation,No action required,Normal,No action required
2024-12-25 19:10:00,83.69771747836,1976.8928735802835,16.822271149773304,0.6091850920008515,0.0214902438711426,0.2998578215038894,67.86641921744534,52.24536936464334,1,Idle,399,Normal operation,No action required,Normal,No action required
2024-12-25 19:15:00,97.5328701506644,1212.5004123932824,23.152615345661253,0.5142683482538773,0.8466247526582977,0.3174830010034114,189.50973124058052,86.66257286182655,3,Cruising,400,Normal operation,No action required,Normal,No action required
2024-12-25 19:20:00,68.59514432043672,3884.670466511703,21.2576550224901,0.1887942976811375,0.3843906910202889,0.4588264716568254,74.18501951173852,21.794011104447904,1,Heavy Load,401,Normal operation,No action required,Normal,No action required
2024-12-25 19:25:00,116.0000292592372,1572.6022780000242,28.14952612983543,0.657427714189911,0.4038840359497462,0.3384404770613169,166.8308145736901,21.79600471100052,0,Cruising,402,Normal operation,No action required,Normal,No action required
2024-12-25 19:30:00,89.0369087526788,2391.755442305296,18.99213415505528,0.7710149736948829,0.5239290680158071,0.4823157070475734,169.7024284705604,98.86517654210871,3,Idle,403,Normal operation,No action required,Normal,No action required
2024-12-25 19:35:00,87.63607124623061,2093.798235486832,24.63161992398329,0.8793244068193345,0.1342549890058668,0.1617585440640717,188.5335797302507,29.10780711297725,2,Heavy Load,404,Normal operation,No action required,Normal,No action required
2024-12-25 19:40:00,111.098851836015,1762.4424082795867,23.055713268696717,0.1984070224820919,0.3717882043389602,0.2548449291660692,124.8853298572064,44.13132573184059,2,Heavy Load,405,Normal operation,No action required,Normal,No action required
2024-12-25 19:45:00,105.39066956207652,3470.885493806402,25.89869346532911,0.4200938238396666,0.2060453971618875,0.6950952289456314,116.40291277750404,75.59701645467305,0,Cruising,406,Normal operation,No action required,Normal,No action required
2024-12-25 19:50:00,96.91504653374494,2204.9057308474985,27.195559578192444,0.0701102517716465,0.5064493326963759,0.3915101016210693,133.66830453923745,42.7179187690471,1,Idle,407,Normal operation,No action required,Normal,No action required
2024-12-25 19:55:00,109.69726387135668,3062.2735197731777,22.452369910597746,0.8810244720742361,0.8531218477259134,0.7266589176592718,177.47576811040335,60.26552893306007,2,Heavy Load,408,Normal operation,No action required,Normal,No action required
2024-12-25 20:00:00,78.85509717792046,1879.4761814849112,16.099331384741973,0.8136582981775033,0.9459017485723042,0.1971685394313137,196.3986485040517,66.87418384066294,3,Heavy Load,409,Normal operation,No action required,Normal,No action required
2024-12-25 20:05:00,112.9054194556631,2848.6579565731395,29.195855997687744,0.4830695631807671,0.4555945860459347,0.4824951795265273,114.32806480592173,43.99176452702207,1,Heavy Load,410,Normal operation,No action required,Normal,No action required
2024-12-25 20:10:00,106.27177324931048,2979.883161619474,18.916160411562934,0.7267932772559946,0.8551812323298398,0.8786129479655551,120.59300373383252,25.437176235390737,1,Idle,411,Normal operation,No action required,Normal,No action required
2024-12-25 20:15:00,98.8146659072012,2921.1046010395867,16.41439072340803,0.9113002921112856,0.1454806090336416,0.6019271556146232,158.0918617479271,80.93442422173376,3,Heavy Load,412,Bearing misalignment,Bearing inspection performed,Warning,Bearing replaced
2024-12-25 20:20:00,96.7052752940528,3319.552188107504,25.37967064699762,0.547748007596746,0.557077037992124,0.5245814048541906,124.72227384862848,71.30368696918521,1,Idle,413,Normal operation,No action required,Normal,No action required
2024-12-25 20:25:00,85.45574973812987,2940.048680852199,22.914123808253954,0.4256843985555917,0.7173852444110252,0.6296581647776938,167.61596389508617,51.70076548880858,2,Cruising,414,Normal operation,No action required,Normal,No action required
2024-12-25 20:30:00,110.69413827144196,3561.7689660250758,29.446597680337057,0.6272358706295041,0.5190973985489644,0.2179758048374538,72.77606599422518,73.01936333220854,0,Idle,415,Normal operation,No action required,Normal,No action required
2024-12-25 20:35:00,99.79120245301904,1382.5139047257726,16.13957958536033,0.0197798123502077,0.5514838999704567,0.3701043998084167,84.27790688960543,95.24908586238163,0,Heavy Load,416,Normal operation,No action required,Normal,No action required
2024-12-25 20:40:00,77.55451226957709,1136.5200032235705,28.204505011475533,0.9322289796487344,0.5731802980310011,0.7048887800409332,166.93517668381247,28.326560428901864,3,Cruising,417,Bearing misalignment,Bearing inspection performed,Warning,Bearing replaced
2024-12-25 20:45:00,102.75965956946084,2158.623969789585,22.903909870911605,0.2458712233304805,0.1889625896735671,0.3989522939731633,111.162166704662,65.05628763870044,0,Idle,418,Normal operation,No action required,Normal,No action required
2024-12-25 20:50:00,97.97759370641349,2426.9369846308527,28.54201117261225,0.2408488443157981,0.6624054661254936,0.2970000719785671,128.9594025103649,33.5567614904365,0,Cruising,419,Normal operation,No action required,Normal,No action required
2024-12-25 20:55:00,117.1692801178637,2588.018652327577,28.37047692828778,0.6260140595853103,0.4114356918471382,0.0270417870611893,72.8280814613978,39.40880775264919,1,Heavy Load,420,Normal operation,No action required,Normal,No action required
2024-12-25 21:00:00,83.04441891172202,2572.265425230008,21.91759484311562,0.6176209474376015,0.1893076966447578,0.408325192191478,195.5896080623254,72.07339420295379,2,Idle,421,Normal operation,No action required,Normal,No action required
2024-12-25 21:05:00,70.93367076632413,3193.6504740873465,29.17650628655401,0.953496621923999,0.6837105894378311,0.9763689150493644,176.87760720915344,97.25548179987544,1,Idle,422,Bearing misalignment,Bearing inspection performed,Warning,Bearing replaced
2024-12-25 21:10:00,82.85344880244406,2834.387857040483,18.62993520332589,0.2907455004209301,0.90938226992543,0.4754817164970925,77.54320559233031,71.14389222807799,3,Heavy Load,423,Normal operation,No action required,Normal,No action required
2024-12-25 21:15:00,119.69358840348656,1338.721907736607,17.550251669660437,0.9480645296723228,0.1499944669841491,0.5209891998780631,68.38303809873328,20.93121651818194,3,Idle,424,Bearing misalignment,Bearing inspection performed,Warning,Bearing replaced
2024-12-25 21:20:00,103.6441899886,1569.155137502391,19.14703614340432,0.8326418990167358,0.4396565388979371,0.8331580105751663,68.09268029791959,84.94497592064764,0,Idle,425,Normal operation,No action required,Normal,No action required
2024-12-25 21:25:00,69.78521814378087,2715.077999045021,24.36980640128279,0.6449634648747438,0.002691176431983,0.9175706621100196,162.40680079356522,67.19014199903819,2,Heavy Load,426,Normal operation,No action required,Normal,No action required
2024-12-25 21:30:00,74.97344258247509,1145.9583894617049,26.10464353313737,0.8678840718219926,0.6716214209013317,0.0454713273161077,120.9303348225201,65.10110561657814,2,Cruising,427,Normal operation,No action required,Normal,No action required
2024-12-25 21:35:00,104.5852995663952,1411.334875965057,24.155216379879143,0.062748633078561,0.6332924319298894,0.9939989266276756,195.87730339147967,98.50568016175303,1,Heavy Load,428,Normal operation,No action required,Normal,No action required
2024-12-25 21:40:00,90.43675438217063,2924.6821178083555,21.940105633913824,0.7433952157942832,0.2105042570364581,0.5599539187553878,55.55300718685269,64.9518686105227,0,Cruising,429,Normal operation,No action required,Normal,No action required
2024-12-25 21:45:00,103.0936982123745,1546.8514422624326,17.54137374068471,0.9115171056204154,0.4211945691932121,0.5152230046408511,183.80393939586955,51.77277367825236,3,Cruising,430,Bearing misalignment,Bearing inspection performed,Warning,Bearing replaced
2024-12-25 21:50:00,90.64205279316008,1567.854868922343,20.01238638133229,0.397155877756847,0.1418721764086057,0.861638238916926,130.1894962512452,75.12561483890639,0,Idle,431,Normal operation,No action required,Normal,No action required
2024-12-25 21:55:00,73.12704749196094,2441.054020543863,26.346889755981927,0.1754007277594554,0.8469484175398618,0.8662442426176781,172.17463539630728,35.383639861197054,3,Heavy Load,432,Normal operation,No action required,Normal,No action required
2024-12-25 22:00:00,81.71228579369546,3628.555986933085,23.594399332435053,0.1878382118516922,0.1738790926460455,0.2646895490803846,145.05843894224785,97.61707761895644,2,Idle,433,Normal operation,No action required,Normal,No action required
2024-12-25 22:05:00,118.40447086839212,2078.1322173885974,22.679623892106104,0.8143550675828941,0.5684344319621736,0.4337723268993471,145.0455820959724,87.92513705754773,1,Heavy Load,434,Normal operation,No action required,Normal,No action required
2024-12-25 22:10:00,75.63886203344678,3981.809284539756,26.50666707604852,0.0694514152158083,0.9984626456510478,0.2965559393469507,125.88393629529772,87.87351711087742,3,Heavy Load,435,Normal operation,No action required,Normal,No action required
2024-12-25 22:15:00,63.380734018971495,1274.7161612904813,25.645872008220906,0.4150697961246293,0.4372933122332413,0.6051276903690599,89.73690945688176,44.94993901856024,3,Heavy Load,436,Normal operation,No action required,Normal,No action required
2024-12-25 22:20:00,66.3824187723856,3620.968933217096,23.05967980730072,0.9523234794855766,0.076974271587498,0.0047555740974678,183.43954923855412,39.331134365417775,3,Idle,437,Bearing misalignment,Bearing inspection performed,Warning,Bearing replaced
2024-12-25 22:25:00,91.43902284632996,2570.240408605483,27.28740256298089,0.0968346935541133,0.0862804402394824,0.8324083955885986,123.17473139975226,59.07153504758124,3,Idle,438,Normal operation,No action required,Normal,No action required
2024-12-25 22:30:00,80.6437012410999,1373.479071169484,16.106335769417583,0.9610168445553334,0.3567026991226655,0.7412406390511096,127.73902457042084,39.16398387756069,2,Cruising,439,Bearing misalignment,Bearing inspection performed,Warning,Bearing replaced
2024-12-25 22:35:00,93.70531489586024,3269.7612390778045,23.011752615575237,0.2937353895383561,0.2206664746767465,0.5631694004410778,179.98733208957856,28.91857848457258,2,Cruising,440,Normal operation,No action required,Normal,No action required
2024-12-25 22:40:00,82.70916259066138,1740.8909720616864,18.51688463585264,0.5934869406650161,0.6188931275129548,0.7961881062638131,184.79741953740265,50.50463733079325,3,Idle,441,Normal operation,No action required,Normal,No action required
2024-12-25 22:45:00,89.72663511625754,3066.277100652096,25.47640759854895,0.6786823358106406,0.6629846847668633,0.8311527927320819,159.36355843541554,71.53249907640547,1,Cruising,442,Normal operation,No action required,Normal,No action required
2024-12-25 22:50:00,100.33660912102354,2986.8866411367967,23.189873095666613,0.6510072988162975,0.9618974664143176,0.8501296621791211,90.21725937044158,50.09875554490411,1,Cruising,443,Normal operation,No action required,Normal,No action required
2024-12-25 22:55:00,111.93526827395236,1401.1172822778608,22.083790699831788,0.1030075796485543,0.6253512335362709,0.1914965555672382,164.07486446476983,91.40107291291172,0,Idle,444,Normal operation,No action required,Normal,No action required
2024-12-25 23:00:00,83.4811417841263,2738.394584307504,19.960423236023985,0.6323535256240918,0.973485817870286,0.4794518332780469,161.71207209336487,72.53528573414212,1,Idle,445,Normal operation,No action required,Normal,No action required
2024-12-25 23:05:00,94.51012723902386,2564.493978392394,29.41036934863982,0.6459194438758656,0.2379177362563465,0.1597133163446257,62.40534515270589,40.22989711240783,3,Cruising,446,Normal operation,No action required,Normal,No action required
2024-12-25 23:10:00,80.63109725457059,3876.900509363667,15.67696335992641,0.1675718826932305,0.3727047281349984,0.6261917865298243,171.7129222272926,31.286801411452004,0,Idle,447,Normal operation,No action required,Normal,No action required
2024-12-25 23:15:00,63.12417834952284,3961.9699272532007,28.14019621532138,0.8765222159756513,0.311986005428549,0.6077051170046553,182.18123533977197,40.60531189813492,1,Idle,448,Normal operation,No action required,Normal,No action required
2024-12-25 23:20:00,113.2284488256524,1998.789218527588,24.86434822204197,0.1931605075687706,0.1852127987202054,0.3481018870753224,62.02528968206949,30.26913186159024,3,Heavy Load,449,Normal operation,No action required,Normal,No action required
2024-12-25 23:25:00,104.5904394238726,2483.648512067672,26.244141802125643,0.1910182735279966,0.3494365342103807,0.7770502829450358,164.05587999079876,23.309942599379944,1,Heavy Load,450,Normal operation,No action required,Normal,No action required
2024-12-25 23:30:00,99.39026591609336,1259.8968820198377,22.439511090464,0.7904664708556235,0.961181755730772,0.35788638915006,57.86775892218383,49.45306823264794,2,Idle,451,Normal operation,No action required,Normal,No action required
2024-12-25 23:35:00,61.28037015270864,1255.9657098314565,29.993600211145427,0.9711429481918727,0.8934773578150137,0.3021139945315086,53.96991404139786,73.11187427304297,1,Cruising,452,Bearing misalignment,Bearing inspection performed,Warning,Bearing replaced
2024-12-25 23:40:00,116.0423892170549,1765.0564594236623,21.91479162268891,0.3816456379618548,0.0147231158511594,0.1734593253899113,134.54491465960808,96.59835962590004,1,Cruising,453,Normal operation,No action required,Normal,No action required
2024-12-25 23:45:00,111.486739022472,3273.6387380623382,19.668357792767136,0.2164770105778045,0.1429158774265441,0.8616316561829664,103.22729576934108,42.906287559183234,2,Idle,454,Normal operation,No action required,Normal,No action required
2024-12-25 23:50:00,117.65900037571748,1517.1411534139816,15.845179944059014,0.8336280976000051,0.4521092678978278,0.4786735815637096,85.87678218482827,92.3589214053794,0,Idle,455,Normal operation,No action required,Normal,No action required
2024-12-25 23:55:00,68.38979038020254,3737.331623093312,28.32737130059437,0.543140119470398,0.4928161755666312,0.7931933664615567,85.2008894549634,33.3396255889413,3,Cruising,456,Normal operation,No action required,Normal,No action required
2024-12-26 00:00:00,84.82056972246887,1437.5108835264032,26.315435053245608,0.5278163983438501,0.3120370276272091,0.0568607954985879,194.3694773604209,55.015959081606844,1,Idle,457,Normal operation,No action required,Normal,No action required
2024-12-26 00:05:00,96.17060121031466,3301.491574191517,29.44090715543772,0.8483839426097242,0.2319253331247212,0.0884742741163584,87.37233299295093,70.36125701546048,3,Heavy Load,458,Normal operation,No action required,Normal,No action required
2024-12-26 00:10:00,104.82409764898613,1607.0377023858127,18.644866081312493,0.0851769430020096,0.4206648036796599,0.6737293006429574,144.64729617378055,45.43989123606263,0,Idle,459,Normal operation,No action required,Normal,No action required
2024-12-26 00:15:00,99.71505616118728,3469.0600921906284,25.72740957851213,0.197739548969989,0.6799217885040287,0.4630046309623614,153.82403378467066,23.957228976651173,0,Idle,460,Normal operation,No action required,Normal,No action required
2024-12-26 00:20:00,79.06721372966452,1889.7072100617104,28.54897619577237,0.2177396595619091,0.6207923718700615,0.8088571055016432,161.65561667070168,45.57451297654787,0,Cruising,461,Normal operation,No action required,Normal,No action required
2024-12-26 00:25:00,66.89092221558454,2755.6113798721126,28.249676332483684,0.1258922502951154,0.2354962679061955,0.3812307104734421,102.3410627956924,72.33092772481953,3,Cruising,462,Normal operation,No action required,Normal,No action required
2024-12-26 00:30:00,60.978267586309975,2406.03489117682,21.583280630867492,0.5009424452907127,0.9828414520697956,0.8272383706928368,172.44128935537952,83.72167548719777,2,Idle,463,Normal operation,No action required,Normal,No action required
2024-12-26 00:35:00,76.66853185697148,3321.760224552012,27.120355281382903,0.8279641840142723,0.9720646790178784,0.6407404073511372,62.537035309224194,26.69666987881429,0,Idle,464,Normal operation,No action required,Normal,No action required
2024-12-26 00:40:00,108.33702506358487,2184.5374953760684,28.141209655211888,0.1336421723033873,0.5350562406624058,0.9949289028202358,129.30762409948198,89.73187072025223,2,Idle,465,Normal operation,No action required,Normal,No action required
2024-12-26 00:45:00,94.05351947075174,2154.216129553657,18.082464420362967,0.4559592115248443,0.4076127172856946,0.4244408662679056,108.2955606788617,61.20154019418296,2,Cruising,466,Normal operation,No action required,Normal,No action required
2024-12-26 00:50:00,79.43968971303596,1162.1710252527812,23.256902516711364,0.7167984320853908,0.0895908358394788,0.8857491018992244,146.1214350827832,85.50686601343214,2,Idle,467,Normal operation,No action required,Normal,No action required
2024-12-26 00:55:00,96.63939522108856,3942.698416705019,22.4846347637359,0.8782258673202368,0.2162075280307536,0.1085837896643558,139.78378397003672,71.96590778275893,2,Heavy Load,468,Normal operation,No action required,Normal,No action required
2024-12-26 01:00:00,94.83050044204886,2635.987476647564,18.31565356255059,0.6936168689529344,0.4254626787369437,0.7255061940428065,142.5058672404365,58.78287795275391,1,Idle,469,Normal operation,No action required,Normal,No action required
2024-12-26 01:05:00,64.56098024459216,2882.563060142358,26.02100911085161,0.9670056356001582,0.712671515452508,0.1643968992231125,88.47762741033077,42.24562899256824,3,Cruising,470,Bearing misalignment,Bearing inspection performed,Warning,Bearing replaced
2024-12-26 01:10:00,92.29344690030126,2269.4520276442927,16.737904915440414,0.0674163239015187,0.3651210423678513,0.566049244281327,68.34857767748237,70.25220915685946,3,Cruising,471,Normal operation,No action required,Normal,No action required
2024-12-26 01:15:00,108.6359941117637,3191.7183666790947,19.93873985238427,0.5360459471049924,0.5974195696113526,0.3268116474957869,63.42059687531188,23.10012724358,0,Heavy Load,472,Normal operation,No action required,Normal,No action required
2024-12-26 01:20:00,104.00474035877644,3074.0891046965926,17.820536767581604,0.9557877180388528,0.4503426051240305,0.5661739277677145,136.27096130355687,21.91265764462644,3,Cruising,473,Bearing misalignment,Bearing inspection performed,Warning,Bearing replaced
2024-12-26 01:25:00,82.73678236196574,3065.024808822441,25.315576236394527,0.8749761341504839,0.1052057703851652,0.4682549313072744,121.2278013068093,66.79138263436889,1,Idle,474,Normal operation,No action required,Normal,No action required
2024-12-26 01:30:00,87.18080309343192,2883.713866696079,16.415038082635142,0.8004096629464361,0.9186832647889138,0.981889616336499,146.03847573088862,63.81284948748957,2,Idle,475,Normal operation,No action required,Normal,No action required
2024-12-26 01:35:00,102.9463993663895,3558.427235698315,18.63806956079461,0.4341531309066531,0.9336460502854868,0.6565746703654147,186.70429838365467,76.32712703231363,2,Idle,476,Normal operation,No action required,Normal,No action required
2024-12-26 01:40:00,91.18358976471734,1559.7445480044048,19.33923514102541,0.937989133824829,0.8631978788621211,0.204327855101706,110.37471654781078,77.27374775033181,0,Heavy Load,477,Bearing misalignment,Bearing inspection performed,Warning,Bearing replaced
2024-12-26 01:45:00,73.78261183097274,2426.1163339536515,25.19013944427009,0.6692728211111434,0.2172426143189664,0.4351803475702837,183.020059388736,40.940651748663264,2,Heavy Load,478,Normal operation,No action required,Normal,No action required
2024-12-26 01:50:00,60.508959987975054,1212.364719935892,28.7221790050504,0.9439360117883676,0.8319914132377252,0.0922000786983966,178.19488826677224,90.97996653031706,2,Heavy Load,479,Bearing misalignment,Bearing inspection performed,Warning,Bearing replaced
2024-12-26 01:55:00,105.61837883459712,3022.283473098862,27.729612531339622,0.2461933392307969,0.1534708915958528,0.0551494560730864,126.38024730482633,66.83810945873181,2,Heavy Load,480,Normal operation,No action required,Normal,No action required
2024-12-26 02:00:00,89.62810446666478,3578.5217055582607,22.145100443288584,0.6259799017027526,0.3932729491463735,0.1280404075787421,174.33174426034978,82.539507094105,0,Heavy Load,481,Normal operation,No action required,Normal,No action required
2024-12-26 02:05:00,64.50659599243086,2254.168097507443,29.567987388862115,0.4924093303112171,0.7336209690327861,0.0620231523338606,138.21776200285365,72.78345844929532,3,Idle,482,Normal operation,No action required,Normal,No action required
2024-12-26 02:10:00,63.03420185592287,3358.950382713762,15.527203579669802,0.881419384638268,0.6532083816387965,0.8627786833333396,70.46425686097604,57.614389203096046,2,Idle,483,Normal operation,No action required,Normal,No action required
2024-12-26 02:15:00,78.46647466701363,1030.379629646104,22.77899232663489,0.2068254761231867,0.0032997418507852,0.6033884004675303,54.50254617937809,83.43450067466736,2,Heavy Load,484,Normal operation,No action required,Normal,No action required
2024-12-26 02:20:00,84.69823861711807,3800.468462834682,22.62007802041905,0.4549768729764113,0.2547990129894922,0.2635998276318694,74.39669917820528,72.32691558837254,0,Cruising,485,Normal operation,No action required,Normal,No action required
2024-12-26 02:25:00,90.82245273580334,3625.10157743556,15.672012336926624,0.9461730408317996,0.6778851716402431,0.817026181397666,132.77951576445167,24.16565934081352,2,Cruising,486,Bearing misalignment,Bearing inspection performed,Warning,Bearing replaced
2024-12-26 02:30:00,65.9247776584103,3570.920592188765,20.02027614674764,0.7551010930916362,0.6462215194104396,0.1787357665265804,93.440346509262,83.32962708874753,0,Cruising,487,Normal operation,No action required,Normal,No action required
2024-12-26 02:35:00,86.73937692156235,3547.626521534671,18.554410911966624,0.527199563564354,0.0907659054238515,0.5373430242573078,124.9711516700372,32.47636720797995,1,Idle,488,Normal operation,No action required,Normal,No action required
2024-12-26 02:40:00,80.39375873471765,2101.605634125453,24.978365926888795,0.250559953867736,0.1762038598892608,0.6811284005011983,117.4785012109899,23.02076569142895,0,Heavy Load,489,Normal operation,No action required,Normal,No action required
2024-12-26 02:45:00,80.51494579979128,1257.4230740294363,29.387697937181628,0.3086042000378005,0.6577580507957652,0.1234126794166006,135.72061811759028,77.89761679511028,3,Idle,490,Normal operation,No action required,Normal,No action required
2024-12-26 02:50:00,79.51409937184908,1516.563235477672,23.178534865087407,0.417594555977829,0.4049844749256006,0.3425518850334097,175.06950907900827,74.54390753397122,2,Heavy Load,491,Normal operation,No action required,Normal,No action required
2024-12-26 02:55:00,75.38600519131079,3380.852586933355,24.383787009420704,0.1014120914409143,0.1808884817460696,0.3831257859285658,183.98325758665104,66.90893084142405,1,Idle,492,Normal operation,No action required,Normal,No action required
2024-12-26 03:00:00,102.25886004817822,3093.6959253273694,29.14115671555648,0.2974137724898009,0.2274032261209717,0.38210106209661,81.87881195020131,20.374428864795583,3,Heavy Load,493,Normal operation,No action required,Normal,No action required
2024-12-26 03:05:00,84.49690934831128,3609.7689087779504,19.27213092136094,0.1436422897740144,0.5467679939594394,0.0930102018887106,65.42375856116962,78.34458579761795,3,Idle,494,Normal operation,No action required,Normal,No action required
2024-12-26 03:10:00,110.64430416334164,1037.197025450826,17.769869280771687,0.8625562726013948,0.5862500011745142,0.6358627375565793,199.65865181336463,49.822506080797446,3,Heavy Load,495,Normal operation,No action required,Normal,No action required
2024-12-26 03:15:00,105.44510670595994,3706.682563530968,22.80292218672641,0.1026655821680551,0.8946427664845912,0.8316755591503635,127.47496535022856,38.31867461632583,2,Heavy Load,496,Normal operation,No action required,Normal,No action required
2024-12-26 03:20:00,90.75425844727692,1897.924475927657,24.52309866753996,0.3155136633339181,0.362459265625353,0.1701301172258106,121.88625498899742,76.95904880988193,2,Idle,497,Normal operation,No action required,Normal,No action required
2024-12-26 03:25:00,118.96069225327568,1536.009770746727,28.966752818168047,0.5916246175643181,0.6339646972913396,0.7901553442675155,84.21319007373725,45.433163540506456,0,Cruising,498,Normal operation,No action required,Normal,No action required
2024-12-26 03:30:00,70.67984423542447,2449.2832788702044,24.00547502537932,0.720036362048925,0.7365102657181868,0.8153608441801484,163.87716239807006,54.28184104168715,1,Idle,499,Normal operation,No action required,Normal,No action required
2024-12-26 03:35:00,79.40008076134771,3897.425942388489,21.488634307114395,0.0521697349756343,0.384678040175226,0.9317978532503168,147.7666250977643,78.47705412285569,1,Idle,500,Normal operation,No action required,Normal,No action required
2024-12-26 03:40:00,60.90033038978032,3397.990857035784,23.71751994435068,0.9200680532583736,0.6197892796355009,0.0582187734119949,66.18245729742331,63.44836473464455,0,Cruising,501,Bearing misalignment,Bearing inspection performed,Warning,Bearing replaced
2024-12-26 03:45:00,107.33658826104102,2775.853578734884,28.41126631552909,0.5364866625225204,0.1657567921267886,0.4271979407676267,197.5524276349558,36.99299760918625,2,Heavy Load,502,Normal operation,No action required,Normal,No action required
2024-12-26 03:50:00,98.14356393554954,2296.856060523556,29.519585168025664,0.9728871063549698,0.8882293544468335,0.2069719434149124,70.64273356135564,44.66271904675524,0,Heavy Load,503,Bearing misalignment,Bearing inspection performed,Warning,Bearing replaced
2024-12-26 03:55:00,118.36847884737772,2427.1521715140952,22.01098576472901,0.949742899628347,0.0151003013976284,0.9273361089203678,57.7361116090983,97.5929433677515,3,Heavy Load,504,Bearing misalignment,Bearing inspection performed,Warning,Bearing replaced
2024-12-26 04:00:00,102.63570861786772,3323.4467567352503,20.614856178430987,0.748671315977822,0.7007386400618711,0.8188943672502041,193.83009775145592,34.69352573717685,1,Cruising,505,Normal operation,No action required,Normal,No action required
2024-12-26 04:05:00,67.6458071972108,2471.2740298724125,21.20322636724237,0.7589595986108668,0.2754062024743628,0.3876703103133819,159.038009018761,50.46109996332923,3,Idle,506,Normal operation,No action required,Normal,No action required
2024-12-26 04:10:00,73.07684139759918,1916.062035197385,22.115630966364343,0.5933829661534807,0.2458727472194648,0.1077124333363668,118.08373802906048,34.9934884112588,0,Idle,507,Normal operation,No action required,Normal,No action required
2024-12-26 04:15:00,119.9241210367887,1172.0432765112616,26.08444153273685,0.3243975618163577,0.999531038886628,0.9216814222546196,160.09584518745507,80.50784689964945,2,Cruising,508,Normal operation,No action required,Normal,No action required
2024-12-26 04:20:00,72.71985900275698,2351.8211704146074,21.264516227880357,0.6522795161660246,0.5045073072582231,0.8816942683419409,102.570502445479,66.38880654868707,3,Idle,509,Normal operation,No action required,Normal,No action required
2024-12-26 04:25:00,64.51597373155035,1379.3314354521583,15.071995250536268,0.6821504031937239,0.6803399453196198,0.3549856507417254,106.99443064907692,61.344479731018005,2,Idle,510,Normal operation,No action required,Normal,No action required
2024-12-26 04:30:00,89.37910473195292,2396.6917922725934,24.95436105424559,0.8107277090985763,0.4647694402788215,0.0781370922872457,157.58234353484522,71.33628436164653,2,Idle,511,Normal operation,No action required,Normal,No action required
2024-12-26 04:35:00,110.49249177939171,2295.439953202768,17.02828925451582,0.2149126404188794,0.459130703111936,0.147920243407155,99.5243776630626,90.67956663579082,3,Heavy Load,512,Normal operation,No action required,Normal,No action required
2024-12-26 04:40:00,66.72108266651608,2338.8451554226303,17.800112605655947,0.5413119655481619,0.5422190511216914,0.8901864677048487,82.7327788035175,58.11398181097167,0,Heavy Load,513,Normal operation,No action required,Normal,No action required
2024-12-26 04:45:00,101.4895621145117,1361.236216475163,16.52767142466578,0.1286297359016115,0.6837088570106197,0.7526980494265654,131.22168405999292,45.99956031729791,1,Heavy Load,514,Normal operation,No action required,Normal,No action required
2024-12-26 04:50:00,118.1014203666897,2697.833595115154,22.875875342666827,0.3343672305010703,0.9251990281234196,0.120899167907868,98.13116456111943,22.322953038904487,2,Idle,515,Normal operation,No action required,Normal,No action required
2024-12-26 04:55:00,88.83380478370992,1028.6488164271125,26.59939482004472,0.1712572704078709,0.7251626018785879,0.3395704291009059,181.3116131588203,89.14101886451394,1,Heavy Load,516,Normal operation,No action required,Normal,No action required
2024-12-26 05:00:00,75.57601779479556,1428.657456559125,28.607857050750752,0.2981267038915047,0.6967826926566693,0.6457452691087596,93.49210986430909,48.21416490652334,2,Idle,517,Normal operation,No action required,Normal,No action required
2024-12-26 05:05:00,95.09235445915392,1259.674306742732,24.294248427353036,0.783509282692902,0.0287320949068776,0.9517329305837404,93.02769960572812,51.47229531612665,2,Cruising,518,Normal operation,No action required,Normal,No action required
2024-12-26 05:10:00,112.81289678003844,3627.136382185866,26.737106083011337,0.1883900561642182,0.9149281126763608,0.1999725100443328,81.27718528409044,36.7901824435759,2,Heavy Load,519,Normal operation,No action required,Normal,No action required
2024-12-26 05:15:00,71.53837800909018,2369.097866201975,22.5242690547213,0.3095261299853438,0.081562610552934,0.9798655020334004,162.23192417969435,68.50161975898598,3,Heavy Load,520,Normal operation,No action required,Normal,No action required
2024-12-26 05:20:00,70.87788303463604,2492.318822511731,17.317867296107323,0.1850867931440295,0.2292470296384569,0.914631542292232,92.4012857637096,29.545347187007494,0,Idle,521,Normal operation,No action required,Normal,No action required
2024-12-26 05:25:00,96.21263149433604,3210.53458441159,20.083408454878327,0.0962803644943611,0.3788508966234392,0.075503879078777,158.27295244653413,42.73937718190996,1,Idle,522,Normal operation,No action required,Normal,No action required
2024-12-26 05:30:00,83.98715819739908,3344.6317808431186,19.424446608837613,0.1846967121389788,0.5760793474854887,0.6435962548299496,160.5722577420082,53.27637004300677,2,Cruising,523,Normal operation,No action required,Normal,No action required
2024-12-26 05:35:00,106.97180522646823,2668.911990832626,16.8449696875437,0.3685713759001565,0.4892116036863215,0.6007767261406048,126.9944934619494,94.7402064673839,2,Cruising,524,Normal operation,No action required,Normal,No action required
2024-12-26 05:40:00,63.344557583892886,3778.0929310841434,23.814223018107302,0.0249679955332833,0.6832113048971175,0.0685013216656444,113.00738352579728,93.38958134646931,2,Cruising,525,Normal operation,No action required,Normal,No action required
2024-12-26 05:45:00,117.35957662580736,1696.3006642403996,27.376967050103403,0.4468755019568206,0.2861744458661078,0.1905343624186659,198.70303654716952,38.31870010549697,2,Idle,526,Normal operation,No action required,Normal,No action required
2024-12-26 05:50:00,61.62031340295051,3903.624768955536,22.38870394410368,0.7669434795498437,0.2667347978558387,0.0148276395031179,62.76460367573029,24.29883233495741,1,Idle,527,Normal operation,No action required,Normal,No action required
2024-12-26 05:55:00,69.99449367240845,2218.7681151947654,26.70554989210235,0.9505725454839246,0.884076303061888,0.4364225004634191,183.3574874239686,39.62447039837805,0,Idle,528,Bearing misalignment,Bearing inspection performed,Warning,Bearing replaced
2024-12-26 06:00:00,96.85356817644576,3389.9848257400017,29.96428216912051,0.3105752572561258,0.376025107271124,0.4730713842189556,191.0059302492638,30.718670595269533,1,Heavy Load,529,Normal operation,No action required,Normal,No action required
2024-12-26 06:05:00,85.43617298766837,3394.3820915121387,20.404986790654675,0.5954705459461214,0.3041328167235108,0.6069188161138271,130.01750757217172,84.25635398099023,2,Heavy Load,530,Normal operation,No action required,Normal,No action required
2024-12-26 06:10:00,119.35378429199048,3034.1382120743983,17.057441405137503,0.2638065866447597,0.6450950716216506,0.9956456918198664,75.8167603642673,72.1504247979606,2,Heavy Load,531,Normal operation,No action required,Normal,No action required
2024-12-26 06:15:00,86.27421514785063,1003.8834661312076,16.29522678833902,0.2465759365552928,0.2363379882854753,0.7346345076010411,134.1775675110479,74.58192676104954,1,Heavy Load,532,Normal operation,No action required,Normal,No action required
2024-12-26 06:20:00,117.18388351547743,1178.391556864081,29.740888037585616,0.4007338111898819,0.4889774532396602,0.5271257464417041,129.87918645819354,58.37826348542384,3,Heavy Load,533,Normal operation,No action required,Normal,No action required
2024-12-26 06:25:00,87.06404184210797,1937.78953096298,22.82255809671979,0.2333882291200769,0.3797383761509328,0.3163643983715107,135.00868041964117,93.72964608306756,3,Idle,534,Normal operation,No action required,Normal,No action required
2024-12-26 06:30:00,106.7074413333962,2286.70166992894,15.524465059629312,0.4433081608524073,0.7619473115636262,0.1768233065952875,103.11999924600268,78.53695605732192,0,Heavy Load,535,Normal operation,No action required,Normal,No action required
2024-12-26 06:35:00,62.562685704411415,2387.373644891757,23.54600388590801,0.1426749035254445,0.2897892582729756,0.2524976549893087,98.04501825247569,70.53264329402904,3,Cruising,536,Normal operation,No action required,Normal,No action required
2024-12-26 06:40:00,74.74225744360078,2218.0231785418496,20.304968623310817,0.9879355970959522,0.2603261665237648,0.7796824050816619,134.63917676310177,28.238895141989843,0,Idle,537,Bearing misalignment,Bearing inspection performed,Warning,Bearing replaced
2024-12-26 06:45:00,109.78628203904016,3248.9738216495152,20.830674212846137,0.1847252746308142,0.1389710921508948,0.6647736900980906,80.85152824142085,50.331481886772536,0,Heavy Load,538,Normal operation,No action required,Normal,No action required
2024-12-26 06:50:00,68.23157755136434,3266.388725312819,26.84758820603709,0.8415635481481628,0.7561952570432795,0.9921823815627252,189.04720884735804,33.804996491011906,0,Idle,539,Normal operation,No action required,Normal,No action required
2024-12-26 06:55:00,96.47216666883588,3118.457527346784,19.578451909762343,0.4642113319060266,0.5447775303904155,0.8744555132501047,81.47636754602587,91.80199343316312,2,Cruising,540,Normal operation,No action required,Normal,No action required
2024-12-26 07:00:00,74.85401656244223,2302.524612778312,23.32826739293242,0.2348285530482061,0.2552774270499915,0.0196443952951752,81.19832508396551,92.1692964729299,1,Idle,541,Normal operation,No action required,Normal,No action required
2024-12-26 07:05:00,75.64598967485327,3812.349073064299,16.996087694863668,0.9457993477908354,0.2003381014808419,0.28121172037846,147.2262531982609,94.99690103682444,3,Cruising,542,Bearing misalignment,Bearing inspection performed,Warning,Bearing replaced
2024-12-26 07:10:00,71.50365504150531,3654.25144205164,17.502412417505475,0.847212002610771,0.7840146969840698,0.5388356373720291,87.24659909245148,42.12154807290925,3,Heavy Load,543,Normal operation,No action required,Normal,No action required
2024-12-26 07:15:00,103.08335466427862,3357.11953309194,21.260332531210405,0.2787284242665491,0.1869701247604399,0.1142536327591009,70.14303178140665,78.52676240181667,3,Idle,544,Normal operation,No action required,Normal,No action required
2024-12-26 07:20:00,80.41954381420538,2887.327116579613,16.55721060651691,0.8287589801320315,0.1626671215834788,0.6747691761838651,137.7737725752118,43.1701579724517,0,Heavy Load,545,Normal operation,No action required,Normal,No action required
2024-12-26 07:25:00,70.01235038599488,2896.0910136465063,23.20594856174408,0.4232843014351307,0.220638605648188,0.0399233469286983,76.57256490496333,31.440256724146867,2,Heavy Load,546,Normal operation,No action required,Normal,No action required
2024-12-26 07:30:00,98.54332374857523,3949.3459406572233,22.291275183853635,0.7448062907697959,0.3151892145874158,0.1005686958201235,64.12940985053027,37.823144006313,3,Cruising,547,Normal operation,No action required,Normal,No action required
2024-12-26 07:35:00,111.7270613403606,2530.8002764748976,22.108008171026373,0.1338264664099558,0.0054425363084705,0.8370261209118861,64.79627460965645,73.18365567429424,2,Cruising,548,Normal operation,No action required,Normal,No action required
2024-12-26 07:40:00,84.74515513143515,1705.8060241120934,25.937110120475012,0.6172986027579078,0.8497693244504236,0.7544659054118622,146.2973264114401,21.58119909817164,1,Cruising,549,Normal operation,No action required,Normal,No action required
2024-12-26 07:45:00,63.93977816130182,3270.278293957402,22.216392658604683,0.0807255030794271,0.3008223880957412,0.0990482704512352,57.500397856234514,81.93678099849903,2,Cruising,550,Normal operation,No action required,Normal,No action required
2024-12-26 07:50:00,103.9334703683182,2857.143276711287,16.660603645746328,0.0783051368710667,0.4739808697161646,0.6132975734556704,112.8052313619062,33.96534990240855,0,Heavy Load,551,Normal operation,No action required,Normal,No action required
2024-12-26 07:55:00,86.75209333496178,1897.9537252069808,17.006210294290536,0.9927012467742636,0.4242115188916894,0.241732829844196,112.6115845482244,63.29191104857781,3,Idle,552,Bearing misalignment,Bearing inspection performed,Warning,Bearing replaced
2024-12-26 08:00:00,92.62634406654183,3635.7998490707473,15.33691548067221,0.0697356611185487,0.7828320073954846,0.8005844538112474,106.26103457180848,33.88807582574114,0,Heavy Load,553,Normal operation,No action required,Normal,No action required
2024-12-26 08:05:00,106.74834203721126,1173.372409877017,15.423895946986097,0.4086433475137003,0.7050409777540851,0.511071814234526,69.46980489675907,67.5888826404755,0,Heavy Load,554,Normal operation,No action required,Normal,No action required
2024-12-26 08:10:00,98.97485829986832,2185.020690721326,17.37658204170401,0.1956803737582021,0.2065276488588531,0.2867910875586434,102.74733078541672,55.03254441774996,1,Cruising,555,Normal operation,No action required,Normal,No action required
2024-12-26 08:15:00,102.10433515755572,3671.8711343639,21.72552172507359,0.7264683489025086,0.7423912378958193,0.6223171542918986,125.6216962911256,22.17775621359712,3,Cruising,556,Normal operation,No action required,Normal,No action required
2024-12-26 08:20:00,62.3802551662927,1737.896937986976,17.71050786429351,0.6619595848372034,0.8095732988184353,0.70770799070556,145.35557120855657,68.31163161480329,2,Cruising,557,Normal operation,No action required,Normal,No action required
2024-12-26 08:25:00,110.10034154648676,3154.9913906297143,17.63710742825318,0.0543173328156028,0.7557199029919573,0.6206966412435423,75.6966404690221,59.80134765012914,0,Idle,558,Normal operation,No action required,Normal,No action required
2024-12-26 08:30:00,85.08869911914857,2963.922101529097,22.44153950095668,0.0115487715752397,0.83887536888902,0.9166823800949184,107.42140332233711,35.34146966744845,1,Heavy Load,559,Normal operation,No action required,Normal,No action required
2024-12-26 08:35:00,85.07712508940023,3375.134028078935,27.45539790016228,0.5091608722608271,0.6274294562643278,0.0657671866328749,146.23542068054508,80.13095230036944,2,Heavy Load,560,Normal operation,No action required,Normal,No action required
2024-12-26 08:40:00,68.10468347335465,1977.223327024612,27.889163897079268,0.9277758980203424,0.2180099588991075,0.5329661059811389,54.19944445181187,37.596908429365776,0,Heavy Load,561,Bearing misalignment,Bearing inspection performed,Warning,Bearing replaced
2024-12-26 08:45:00,93.37167423328694,3735.324057683054,25.91893991955016,0.1571077479441338,0.1884209145083253,0.3954482181365168,187.3064976662941,52.648113460171786,2,Heavy Load,562,Normal operation,No action required,Normal,No action required
2024-12-26 08:50:00,88.31216136081252,3526.642838715939,15.17629442291543,0.5793391437904348,0.456975468716948,0.5183233843962631,175.0909806089572,62.90696708550129,0,Idle,563,Normal operation,No action required,Normal,No action required
2024-12-26 08:55:00,77.00668175195327,3066.2566740148527,25.75905905342568,0.5089590692332913,0.7926623933462162,0.6271719147885096,61.84562157720189,25.532384006343385,2,Heavy Load,564,Normal operation,No action required,Normal,No action required
2024-12-26 09:00:00,66.1580801498023,1803.1861429473947,25.87522085287141,0.5556352396844548,0.3139265752022286,0.4178630261538897,80.28641947406102,52.5634081066373,3,Cruising,565,Normal operation,No action required,Normal,No action required
2024-12-26 09:05:00,75.68995717211789,1445.3664101006536,15.282210298624362,0.0900127643639369,0.7792678671346002,0.7975835765256765,143.11572430921836,59.43149003488455,2,Cruising,566,Normal operation,No action required,Normal,No action required
2024-12-26 09:10:00,107.5866801146546,2287.0022338782755,17.37502478786964,0.1544366931110432,0.9214954075451984,0.9172289801139052,186.3632172931882,41.81600730507485,0,Cruising,567,Normal operation,No action required,Normal,No action required
2024-12-26 09:15:00,71.10116899269617,2438.061381693381,18.59421125353381,0.1036714823977971,0.6666964784684033,0.9199716389361524,125.85237562173324,41.78701698972642,3,Heavy Load,568,Normal operation,No action required,Normal,No action required
2024-12-26 09:20:00,115.06512559161835,3556.693335174904,19.20302777999753,0.6689754538794471,0.4953600325011594,0.5553517227076452,64.31575743420942,79.42965132489181,2,Cruising,569,Normal operation,No action required,Normal,No action required
2024-12-26 09:25:00,65.68370881548847,3799.1201760571066,18.54528273056716,0.091535199546059,0.8082228516506698,0.2367556531243801,108.28948144526244,47.27215465904923,0,Cruising,570,Normal operation,No action required,Normal,No action required
2024-12-26 09:30:00,95.06471727354584,3355.5463784530266,22.077105754588352,0.5570745890798224,0.4420323522663995,0.2367882692666038,135.0432664773087,92.1690073666166,1,Heavy Load,571,Normal operation,No action required,Normal,No action required
2024-12-26 09:35:00,60.862926252033006,1987.8996054853612,17.998097968713672,0.825512685335896,0.0676177751778807,0.0932205897446362,148.92341820090576,32.90080218793542,3,Cruising,572,Normal operation,No action required,Normal,No action required
2024-12-26 09:40:00,95.64328082189633,2857.9102639628877,23.942680131856804,0.7919856461348785,0.4598620413970428,0.5535467383420641,95.06392714382498,50.95975817689592,1,Cruising,573,Normal operation,No action required,Normal,No action required
2024-12-26 09:45:00,85.38312552749997,3891.715639364695,25.79223757704825,0.4033662866324095,0.7004512973621588,0.7323483651824838,90.61899298778636,63.368384440408335,2,Idle,574,Normal operation,No action required,Normal,No action required
2024-12-26 09:50:00,111.32578911760228,1502.924476941061,28.71473256297522,0.5027989449010835,0.8158911323313641,0.1473232108817495,96.86033051901865,30.811321772621056,0,Heavy Load,575,Normal operation,No action required,Normal,No action required
2024-12-26 09:55:00,64.8301836543323,1173.4208479964943,26.38654325235016,0.2008978832980092,0.3102573356926031,0.190915661232822,195.21771836550596,55.883228451360495,2,Heavy Load,576,Normal operation,No action required,Normal,No action required
2024-12-26 10:00:00,77.32415904778011,2274.220234858973,28.17099128668533,0.8609241985670718,0.9457899658674632,0.9257048894707136,106.2774349847134,47.10667885653908,0,Idle,577,Normal operation,No action required,Normal,No action required
2024-12-26 10:05:00,101.3937592108999,1335.2517757891806,20.470132633066022,0.061904176171347,0.4455480079875652,0.1716876439960473,56.39377213667941,86.07078102342973,1,Heavy Load,578,Normal operation,No action required,Normal,No action required
2024-12-26 10:10:00,111.46351769925644,2811.7982771486595,24.296370140769703,0.5490391749278797,0.2582480234914938,0.2529595883335316,167.70056092016958,39.661287275948574,2,Heavy Load,579,Normal operation,No action required,Normal,No action required
2024-12-26 10:15:00,70.2177507397358,1741.5314286073155,16.022918891572665,0.4581438622207556,0.3010413454654562,0.1307535670194382,87.70401212451895,58.51142705178979,2,Heavy Load,580,Normal operation,No action required,Normal,No action required
2024-12-26 10:20:00,65.42464913840557,2144.21220285572,15.713326080642783,0.842551309744556,0.39349502053169,0.4924042276306957,91.98497551063848,22.094308916956955,1,Heavy Load,581,Normal operation,No action required,Normal,No action required
2024-12-26 10:25:00,82.10164965232136,3327.767703453787,18.5342314170066,0.2999784585184254,0.7972824715057616,0.3558705418910508,174.24637501110033,44.066673253096,0,Cruising,582,Normal operation,No action required,Normal,No action required
2024-12-26 10:30:00,104.15297027260296,1543.5563318048255,20.707101869580924,0.2332976722774307,0.9052884801647312,0.2607078151006011,168.3277521626333,83.14446347060903,1,Idle,583,Normal operation,No action required,Normal,No action required
2024-12-26 10:35:00,108.0924689555909,3701.517950294875,29.61651169421241,0.2027669602905715,0.5786258941867967,0.235002465131475,65.75348136233353,32.24554944460419,3,Heavy Load,584,Normal operation,No action required,Normal,No action required
2024-12-26 10:40:00,102.57649957647968,2432.741090676521,27.92520365212578,0.3870916675207381,0.4663797720314723,0.3885057835168733,59.35495717511688,97.34899279727712,1,Heavy Load,585,Normal operation,No action required,Normal,No action required
2024-12-26 10:45:00,83.54513664645566,3631.897580723851,19.88042286895015,0.0216064661877743,0.5978951274554363,0.02173996628485,150.44000366540746,78.23820744611697,1,Heavy Load,586,Normal operation,No action required,Normal,No action required
2024-12-26 10:50:00,73.57650847437581,1757.9351789098566,15.396578740152387,0.3570898504593427,0.1632613137759171,0.3418592331837741,103.73604694436716,76.57340876706917,3,Idle,587,Normal operation,No action required,Normal,No action required
2024-12-26 10:55:00,88.282739997455,1228.996269531015,18.67724942854108,0.6207150875848937,0.5903255379580891,0.0486281409512563,192.95068037133933,41.828708391905856,2,Cruising,588,Normal operation,No action required,Normal,No action required
2024-12-26 11:00:00,81.18731844893927,2138.7620921841944,28.364298249641045,0.8978276585273934,0.9267309163220095,0.6690065052536469,60.47345572401349,37.86242391778656,2,Idle,589,Normal operation,No action required,Normal,No action required
2024-12-26 11:05:00,64.1145858802135,3560.316702060311,16.63493452905771,0.4391696717768732,0.8620787064457239,0.259641577739484,69.63897405510153,56.75716624544026,1,Cruising,590,Normal operation,No action required,Normal,No action required
2024-12-26 11:10:00,60.41023314174351,3893.200800384991,19.494263014351866,0.1798207941198193,0.6650951659592148,0.6999743906213503,169.45633478624345,69.30491338238781,3,Idle,591,Normal operation,No action required,Normal,No action required
2024-12-26 11:15:00,76.79315238425058,1935.1524728511365,22.105548319435812,0.3602911269432021,0.2742588947994739,0.5903395489712013,82.43562600936099,56.427020077422426,0,Idle,592,Normal operation,No action required,Normal,No action required
2024-12-26 11:20:00,111.959334927329,3192.2245383015656,27.76443291365154,0.8651609194587799,0.5071577742794822,0.1726290477679155,132.63838556781013,96.61382084577863,0,Cruising,593,Normal operation,No action required,Normal,No action required
2024-12-26 11:25:00,90.49958186986171,2892.7642854309515,20.6981918670453,0.6366415456603288,0.9533017726479804,0.6968616366681587,108.94497981443804,52.06642579687266,3,Heavy Load,594,Normal operation,No action required,Normal,No action required
2024-12-26 11:30:00,76.06059493383312,1631.5522780370848,22.12155970155718,0.9751315524209804,0.9715223602831742,0.9513032011051136,60.6254537151811,67.02397341980912,3,Idle,595,Bearing misalignment,Bearing inspection performed,Warning,Bearing replaced
2024-12-26 11:35:00,107.88280693279272,2693.7458703284005,25.65520577867663,0.5424401538185655,0.6197632628960451,0.6127328604824576,137.51132263783856,88.48227376454761,1,Heavy Load,596,Normal operation,No action required,Normal,No action required
2024-12-26 11:40:00,62.13796852809814,1510.4478391700986,24.35748950342272,0.9335882814806588,0.4689215790893352,0.2304225128213672,198.87235282144536,93.28503810205343,3,Idle,597,Bearing misalignment,Bearing inspection performed,Warning,Bearing replaced
2024-12-26 11:45:00,117.10281251098507,3096.6217832341167,18.96268145916101,0.7850843748377301,0.2340345575245846,0.1590627827564822,77.0668604349118,64.64765106772236,0,Heavy Load,598,Normal operation,No action required,Normal,No action required
2024-12-26 11:50:00,84.74176619977379,3558.612241772166,26.334648713060552,0.1123404463008224,0.2294180156404485,0.3766184593587698,198.86635929390985,86.62938809542791,1,Heavy Load,599,Normal operation,No action required,Normal,No action required
2024-12-26 11:55:00,115.59626097268912,1943.670721540489,28.2566630181719,0.0400502588510517,0.644537814965228,0.3107200062469611,114.57774124463126,44.98706829901582,3,Idle,600,Normal operation,No action required,Normal,No action required
2024-12-26 12:00:00,63.54740714373306,3263.6656668544647,16.465018731998327,0.9759849674628176,0.5188727937165686,0.3463334511489683,139.92470122806438,28.835838892516563,0,Cruising,601,Bearing misalignment,Bearing inspection performed,Warning,Bearing replaced
2024-12-26 12:05:00,91.43890010707796,1618.7674885369038,15.754826347370528,0.2497353894068107,0.7404958901315143,0.9916683003874596,190.78167022104927,82.94883554506225,0,Cruising,602,Normal operation,No action required,Normal,No action required
2024-12-26 12:10:00,65.21201054451139,2672.7754255611185,23.018476195700902,0.8143179907086232,0.443089528246022,0.1302451404206606,129.3172604020384,43.94895850218328,2,Cruising,603,Normal operation,No action required,Normal,No action required
2024-12-26 12:15:00,82.18079393227637,1162.1284171829293,20.262034381835388,0.2547833195180711,0.3358134457298612,0.6018186012520017,176.22408341489603,21.24409386130949,3,Heavy Load,604,Normal operation,No action required,Normal,No action required
2024-12-26 12:20:00,73.55020410825591,2733.9611388253893,23.564416364414637,0.4556227811347587,0.0445551495139024,0.179747577414193,150.8886048215988,77.32213585191894,1,Idle,605,Normal operation,No action required,Normal,No action required
2024-12-26 12:25:00,83.69104024543417,1982.5125083351384,18.44409559572266,0.1445062774934176,0.938312507036028,0.4003054760457798,119.3896334361,51.518278095769794,3,Idle,606,Normal operation,No action required,Normal,No action required
2024-12-26 12:30:00,114.46090891289336,3138.122105008005,21.29204008049905,0.4884976894670337,0.260463797483732,0.1499343043569155,178.54115216332687,39.3113467182902,3,Heavy Load,607,Normal operation,No action required,Normal,No action required
2024-12-26 12:35:00,86.04297653509019,2758.942749253268,26.78534678479283,0.8855207218814171,0.7469286692009642,0.0105143408796354,130.6543868224549,82.09917007653164,2,Heavy Load,608,Normal operation,No action required,Normal,No action required
2024-12-26 12:40:00,118.31487447814423,2420.812730231982,15.577173857224787,0.6125852161432497,0.1734500366921625,0.2026184488058968,130.8011196038638,92.14457581563228,0,Cruising,609,Normal operation,No action required,Normal,No action required
2024-12-26 12:45:00,85.98180724280789,3606.4876736441615,18.373890505166457,0.6276138995171925,0.061756190414282,0.5059960931541841,108.49005307736223,92.95323494598416,3,Idle,610,Normal operation,No action required,Normal,No action required
2024-12-26 12:50:00,107.97936107640966,1176.1542116619771,15.664194866771322,0.0508032972881198,0.8635172916378068,0.8399862573315925,108.21412067917106,54.577655592728135,0,Idle,611,Normal operation,No action required,Normal,No action required
2024-12-26 12:55:00,105.948454023387,3081.8848617875574,18.96310098334947,0.0668559171997943,0.3368738105398846,0.1422387705689006,155.51547956694776,59.20857550751938,2,Cruising,612,Normal operation,No action required,Normal,No action required
2024-12-26 13:00:00,71.12534021076141,3255.003606993224,21.3736923690476,0.3212049541435896,0.1226709518148335,0.2459627018889043,103.4032997826324,47.74269354907301,3,Idle,613,Normal operation,No action required,Normal,No action required
2024-12-26 13:05:00,98.64345875895552,1432.0290953602598,23.919755931905485,0.096712481934348,0.605949777046576,0.4155748252831098,105.96124023158954,64.75990202234172,1,Idle,614,Normal operation,No action required,Normal,No action required
2024-12-26 13:10:00,83.5965662951242,2295.933611311185,19.06538250146739,0.9912136721464776,0.4239311502688369,0.2363781587844022,72.57898630673338,47.40142092906471,1,Cruising,615,Bearing misalignment,Bearing inspection performed,Warning,Bearing replaced
2024-12-26 13:15:00,118.14670405838048,1401.37173002237,17.466764859346952,0.3084092265527991,0.6989646991370524,0.5865409405492944,54.50401880642561,73.9047837531308,0,Idle,616,Normal operation,No action required,Normal,No action required
2024-12-26 13:20:00,109.24264630455178,2861.4323746832524,21.60203688110181,0.0655441120878038,0.6207312272823503,0.940870459003776,110.413603272405,50.72154788766569,3,Heavy Load,617,Normal operation,No action required,Normal,No action required
2024-12-26 13:25:00,115.60225885116834,2451.3887815121584,16.526927125014105,0.9150239535677608,0.5529342163843928,0.1690541081080786,129.30940363808372,92.64705406493565,2,Cruising,618,Bearing misalignment,Bearing inspection performed,Warning,Bearing replaced
2024-12-26 13:30:00,72.57490891639675,1281.3857312139398,18.45957337962832,0.2782577639218165,0.881839986034758,0.3181177189234914,102.91904119862564,49.1043833855036,2,Cruising,619,Normal operation,No action required,Normal,No action required
2024-12-26 13:35:00,60.9612442036897,3010.9111715736026,25.08165591404913,0.4873456595451162,0.7116010892449182,0.1451031501607158,186.94189410498325,30.28601731413329,1,Cruising,620,Normal operation,No action required,Normal,No action required
2024-12-26 13:40:00,119.6033589713686,1176.291116471959,28.658133664989997,0.9579916259016592,0.2802026002305049,0.4171918573431648,186.37078833561455,71.02514569197818,3,Idle,621,Bearing misalignment,Bearing inspection performed,Warning,Bearing replaced
2024-12-26 13:45:00,84.40140197546724,2285.4838470232694,26.703065139660676,0.197741973003001,0.9019994046406076,0.0775039635127999,106.92475206899827,50.11760516062243,1,Heavy Load,622,Normal operation,No action required,Normal,No action required
2024-12-26 13:50:00,66.18669121260002,2447.624885900686,26.225528290460957,0.7570405167042087,0.0007734413327058,0.081885923021999,138.777695538936,44.04108848277244,3,Cruising,623,Normal operation,No action required,Normal,No action required
2024-12-26 13:55:00,80.8074584752986,2116.037342876109,23.05863164339774,0.1647477691441776,0.7916848184242327,0.7489002596585432,145.72285322038286,55.900708194780535,2,Cruising,624,Normal operation,No action required,Normal,No action required
2024-12-26 14:00:00,75.92938583595088,3568.1321444804157,27.51330251332824,0.697190503067179,0.797001559757395,0.0819692647398518,108.69424705485748,81.89248562656488,0,Idle,625,Normal operation,No action required,Normal,No action required
2024-12-26 14:05:00,66.47954249433911,3143.432931535737,28.03884940880931,0.513978635175955,0.7938102438825583,0.6517176667526001,153.5406476197875,33.38122411711508,0,Idle,626,Normal operation,No action required,Normal,No action required
2024-12-26 14:10:00,64.48447328927371,3145.554265673342,29.52754387054221,0.0864439361070732,0.6284213687608016,0.4137751244467694,93.72359133265786,36.78274786073516,2,Idle,627,Normal operation,No action required,Normal,No action required
2024-12-26 14:15:00,87.62889381004905,2202.283260879272,15.918325505319904,0.8769443949557527,0.9134627420443572,0.1019263434236237,139.93444624950433,28.23108085363198,1,Heavy Load,628,Normal operation,No action required,Normal,No action required
2024-12-26 14:20:00,64.46387598308908,3579.184984854324,22.100840157068525,0.2672381995551175,0.6048350209429527,0.7429289088593168,156.7751458475091,83.0574403332266,2,Cruising,629,Normal operation,No action required,Normal,No action required
2024-12-26 14:25:00,117.68619206470116,1829.2510181182704,21.73259572078561,0.004835220188321,0.8407990786498278,0.198836269931075,104.3785192197696,24.280653069196944,2,Cruising,630,Normal operation,No action required,Normal,No action required
2024-12-26 14:30:00,83.27417011491596,1765.88393846702,29.05383848951845,0.1026109297824477,0.8517451582191319,0.1101215039941354,62.13842707574155,90.86906873990937,1,Idle,631,Normal operation,No action required,Normal,No action required
2024-12-26 14:35:00,109.17662484541464,3385.604241471763,20.841543038965646,0.8763549367557689,0.0473462800130327,0.3906385822476903,51.90178485342531,69.16953382464607,0,Heavy Load,632,Normal operation,No action required,Normal,No action required
2024-12-26 14:40:00,115.98502899119222,2908.839742130905,29.27815001907624,0.0999985773971509,0.1605865043953181,0.7286404805088239,68.31154249962495,42.95237815068365,2,Heavy Load,633,Normal operation,No action required,Normal,No action required
2024-12-26 14:45:00,105.65848420824769,1278.0523520042384,20.580353768108,0.3765936135123655,0.2974349838323371,0.3623978525426079,105.50298679875348,70.5954550742058,0,Heavy Load,634,Normal operation,No action required,Normal,No action required
2024-12-26 14:50:00,87.24369554049233,3034.649467258446,24.14337187889081,0.7158976406228401,0.4004082877320533,0.4469044548427984,112.56421498419868,83.43220538029529,2,Heavy Load,635,Normal operation,No action required,Normal,No action required
2024-12-26 14:55:00,103.483832020319,2897.200430539583,27.676827650112983,0.1452928738222254,0.8824854211050617,0.3564502973107035,116.33170031914533,69.40988999057656,3,Heavy Load,636,Normal operation,No action required,Normal,No action required
2024-12-26 15:00:00,94.55456994300394,1998.5959598727868,20.106635671218303,0.7638051117685772,0.898378892119669,0.1562696227372317,62.83446672920536,61.11739548523779,3,Cruising,637,Normal operation,No action required,Normal,No action required
2024-12-26 15:05:00,86.14793503634213,1488.2471937027426,25.61396963794382,0.8559191118455387,0.8072065004188307,0.5336447918690642,154.60031420827562,32.629352397504945,2,Cruising,638,Normal operation,No action required,Normal,No action required
2024-12-26 15:10:00,76.30801657827938,1570.634618571089,20.2963661323322,0.1543424237689098,0.6627857908808057,0.0612332507044138,103.2044248997139,42.20817592788236,1,Heavy Load,639,Normal operation,No action required,Normal,No action required
2024-12-26 15:15:00,98.15857411977436,3868.407806906478,25.99728309330941,0.5162404191810045,0.7360713694147,0.2781664982295245,97.97698471805762,91.75826746904656,3,Idle,640,Normal operation,No action required,Normal,No action required
2024-12-26 15:20:00,74.29715150766002,1400.968152649888,15.188151714393625,0.6750750971528006,0.3343645921810223,0.5837383666872735,94.63589944022786,75.31252289474072,2,Heavy Load,641,Normal operation,No action required,Normal,No action required
2024-12-26 15:25:00,101.9835207189941,2440.799484605339,18.090227371532183,0.2491804679912129,0.7613342691049321,0.9441337385940424,171.82106899978018,79.25922415790339,2,Idle,642,Normal operation,No action required,Normal,No action required
2024-12-26 15:30:00,72.59010949434555,1725.6631324024086,23.10204095529213,0.98835489123515,0.1235725265948013,0.5323883141743291,196.68969389350795,99.93295607075994,3,Heavy Load,643,Bearing misalignment,Bearing inspection performed,Warning,Bearing replaced
2024-12-26 15:35:00,99.85907495999072,1695.6737099691354,17.114023564716362,0.0963607401391033,0.8245155167902406,0.0957319431624266,142.1501239827934,78.34978736069097,2,Cruising,644,Normal operation,No action required,Normal,No action required
2024-12-26 15:40:00,89.50292561734862,1041.0224560162258,15.869388235900356,0.1525722958587665,0.0177868663650007,0.2967644888556797,57.83067271197391,87.33200235903149,1,Idle,645,Normal operation,No action required,Normal,No action required
2024-12-26 15:45:00,115.6503459788064,3256.9917838887363,29.88594594523264,0.2038513440828866,0.0796281444745176,0.1416782330874881,132.32242884378667,91.1617905841766,0,Heavy Load,646,Normal operation,No action required,Normal,No action required
2024-12-26 15:50:00,104.432653402025,3455.9890837780194,18.29315674524129,0.1423000002492537,0.7356419191594185,0.9189373951169534,98.99852066694304,74.60632257797201,1,Heavy Load,647,Normal operation,No action required,Normal,No action required
2024-12-26 15:55:00,118.03167127526196,2242.277647420878,25.763036110304,0.7719107390716534,0.7996032409828893,0.1565067831303503,142.48765062246048,60.1252735949333,2,Heavy Load,648,Normal operation,No action required,Normal,No action required
2024-12-26 16:00:00,114.46659792055937,2218.297757221705,16.034242186563958,0.246689230107547,0.1679486272805362,0.1906799313022292,158.75311022733797,88.0358754197666,3,Cruising,649,Normal operation,No action required,Normal,No action required
2024-12-26 16:05:00,95.11634617200257,3864.5020210637326,23.58687966620856,0.8434386656684643,0.5903057943040153,0.724532381926138,140.5392676750423,84.23378913031718,2,Idle,650,Normal operation,No action required,Normal,No action required
2024-12-26 16:10:00,81.80422582508359,2137.295353966004,20.245866992810686,0.9777361570464684,0.4053843080745222,0.6704835461359132,111.78845633124502,78.39801045063615,0,Cruising,651,Bearing misalignment,Bearing inspection performed,Warning,Bearing replaced
2024-12-26 16:15:00,87.96703921745065,1334.7521568066263,23.876401954903727,0.3918073114873356,0.670705390381408,0.5415054397257163,183.8103052513095,42.036781127611874,1,Cruising,652,Normal operation,No action required,Normal,No action required
2024-12-26 16:20:00,77.47850089104193,1791.846048528438,21.380514821427276,0.0298174296866603,0.3323572078160637,0.8997047127343999,132.59166505637523,29.15100202955454,2,Heavy Load,653,Normal operation,No action required,Normal,No action required
2024-12-26 16:25:00,95.48400487294006,1140.6744228895443,26.121539440822914,0.1882130571541035,0.8694817258363874,0.0010855533363649,187.79270827812667,73.48220848878304,2,Heavy Load,654,Normal operation,No action required,Normal,No action required
2024-12-26 16:30:00,80.11630089583943,2133.889814387874,27.125012751856943,0.0552245463535129,0.1568639676032582,0.480536269832478,177.33752750088536,20.686463576012653,0,Heavy Load,655,Normal operation,No action required,Normal,No action required
2024-12-26 16:35:00,117.65974744038007,1638.16911666543,27.596713138264395,0.6822056086255063,0.0620972421240096,0.57243295825814,111.66735039535683,67.03845043893008,3,Idle,656,Normal operation,No action required,Normal,No action required
2024-12-26 16:40:00,93.59684576648434,3496.49011159709,18.31082063545244,0.5546524240239117,0.9259342274899732,0.7450442705031558,69.51902456513172,58.71355660185585,0,Cruising,657,Normal operation,No action required,Normal,No action required
2024-12-26 16:45:00,118.2330170364878,1355.3548303538937,26.97644709134543,0.7747907959075885,0.5198114149650661,0.4634935394863368,100.07121395626817,58.58439285544861,2,Idle,658,Normal operation,No action required,Normal,No action required
2024-12-26 16:50:00,96.70769531870506,2195.510631152606,19.182835637338425,0.4466561258506962,0.4579783005815706,0.1950424162005465,127.9885033606477,89.78244826966,3,Heavy Load,659,Normal operation,No action required,Normal,No action required
2024-12-26 16:55:00,97.5514845999336,2568.1800835904155,25.348607441296164,0.0383953072540762,0.1119373133737711,0.6296745625763559,159.60285372736624,68.07154286923085,2,Cruising,660,Normal operation,No action required,Normal,No action required
2024-12-26 17:00:00,72.17993024179441,2528.181220053205,19.608910372784543,0.3175724568810211,0.5828508895811523,0.7453517149802203,182.9973852722974,51.3116471643189,2,Heavy Load,661,Normal operation,No action required,Normal,No action required
2024-12-26 17:05:00,73.04731482127914,1732.5401954119247,18.453940461123924,0.4287611852763628,0.8111428935829555,0.4486908188729922,85.41522866355726,20.73083214768941,2,Cruising,662,Normal operation,No action required,Normal,No action required
2024-12-26 17:10:00,92.87856408253116,1684.5949958848962,19.82192755467101,0.6710061083565187,0.0995893161746306,0.7542024405683206,61.61189314529986,23.204927615585724,0,Cruising,663,Normal operation,No action required,Normal,No action required
2024-12-26 17:15:00,84.27323087041665,2846.760097033447,28.26647919140897,0.6617959471909678,0.7824877271440148,0.3566837439493275,78.12417671489753,29.494372700475022,1,Idle,664,Normal operation,No action required,Normal,No action required
2024-12-26 17:20:00,110.5994995639057,2697.183742990448,15.698280799724095,0.7526498847874602,0.2591266975382724,0.1207301229771038,131.5556306822947,44.73621028914504,2,Heavy Load,665,Normal operation,No action required,Normal,No action required
2024-12-26 17:25:00,82.68919082250605,3145.670237050042,23.54122676593866,0.999893426170434,0.2805824496087118,0.3559670060422372,122.923458331367,22.59495915964385,0,Idle,666,Bearing misalignment,Bearing inspection performed,Warning,Bearing replaced
2024-12-26 17:30:00,96.88220648624468,1903.6319858113525,15.3320985423589,0.3298277917746901,0.6497457545308551,0.3619635675341083,140.3285195981415,52.21861327451461,2,Idle,667,Normal operation,No action required,Normal,No action required
2024-12-26 17:35:00,87.80174390048131,2418.3756237181174,18.179171773817348,0.2925465298268338,0.2249370901748675,0.7509200398186359,156.9109048363411,94.7598695427198,0,Heavy Load,668,Normal operation,No action required,Normal,No action required
2024-12-26 17:40:00,69.44731439750495,2960.353526436621,17.668319419693205,0.30914013866201,0.8585876829844312,0.8372407470643707,128.29066849456473,73.2984278645527,3,Heavy Load,669,Normal operation,No action required,Normal,No action required
2024-12-26 17:45:00,108.90973303833542,1978.52815513205,29.27752379751093,0.4874106397443387,0.9973285012888508,0.8584004453610347,108.81106692797351,31.953013825127485,2,Cruising,670,Normal operation,No action required,Normal,No action required
2024-12-26 17:50:00,101.806760486597,1555.02209203721,24.12956863401948,0.2716176227478332,0.0327143227160123,0.5330372398583917,96.19345920386502,39.05127637577095,2,Idle,671,Normal operation,No action required,Normal,No action required
2024-12-26 17:55:00,63.82621183406444,3481.077113193295,26.67474754762692,0.0430926642594792,0.5169598745198486,0.7555248245367884,136.82038160667366,43.52684914653824,1,Heavy Load,672,Normal operation,No action required,Normal,No action required
2024-12-26 18:00:00,102.53805140581257,2942.219994270721,16.296030888346547,0.2761987183256481,0.9771489321947944,0.6323642949298064,120.57961934285036,90.19665632820023,3,Idle,673,Normal operation,No action required,Normal,No action required
2024-12-26 18:05:00,92.80491368889712,3072.14363544824,16.40318587362689,0.8712362183567461,0.9493795873983903,0.2288338395660917,162.31791832829018,63.915850519625664,1,Cruising,674,Normal operation,No action required,Normal,No action required
2024-12-26 18:10:00,89.55450113151912,3142.2773886930017,25.832282695010925,0.1192712107501848,0.7546389855135643,0.712463954312658,162.14221857635084,41.748522009082485,0,Cruising,675,Normal operation,No action required,Normal,No action required
2024-12-26 18:15:00,116.13328169198472,1384.550627139694,24.19575429509959,0.8374254533495397,0.7674077858771313,0.4586564815602132,150.56220779688636,47.39936918920815,2,Heavy Load,676,Normal operation,No action required,Normal,No action required
2024-12-26 18:20:00,87.82758615142856,3705.742601743928,26.79166658231684,0.8633936102931395,0.7621337890907519,0.6003357620253923,115.4890751843018,87.78429799422972,0,Cruising,677,Normal operation,No action required,Normal,No action required
2024-12-26 18:25:00,90.85853540637903,1451.6519203316125,18.34665414113498,0.5436342898678996,0.5475675504611046,0.0760631560580471,80.02655550373075,42.113866198007024,0,Heavy Load,678,Normal operation,No action required,Normal,No action required
2024-12-26 18:30:00,81.22880477823287,1552.777064922226,22.40374532785555,0.8203227505950391,0.4816839701019462,0.6828806540280861,110.31277412008224,95.8157337223947,2,Cruising,679,Normal operation,No action required,Normal,No action required
2024-12-26 18:35:00,64.64489211941134,2373.161920797854,15.11819721881172,0.6186082006390826,0.618850865686823,0.7014214927018163,121.5483251914853,44.37196739263746,1,Idle,680,Normal operation,No action required,Normal,No action required
2024-12-26 18:40:00,78.55079647121991,2288.8108713155343,15.202758895568952,0.1980102803524142,0.3460731371329603,0.3815478222730526,67.91188194242436,82.8957679355398,3,Idle,681,Normal operation,No action required,Normal,No action required
2024-12-26 18:45:00,87.96166404413627,1053.2852741053357,26.30777155044708,0.4175053512948703,0.0307927866186308,0.900005615612157,85.19287953837275,31.11750124934712,2,Cruising,682,Normal operation,No action required,Normal,No action required
2024-12-26 18:50:00,103.95708946869838,3071.0630896819134,15.741264345849723,0.6848487536104297,0.1476588334442987,0.1283062476036572,83.46696901466314,23.66513772466432,1,Cruising,683,Normal operation,No action required,Normal,No action required
2024-12-26 18:55:00,115.84737656310789,2957.8542181556777,23.423103406899987,0.2604503435499541,0.8245470651292843,0.5162201793058219,88.326388254271,52.84474867523328,0,Heavy Load,684,Normal operation,No action required,Normal,No action required
2024-12-26 19:00:00,108.31965299742978,3059.977577466487,20.802356913886328,0.6831680088827508,0.8002098001800456,0.5743266718679788,197.1617256569708,25.636850203342576,2,Cruising,685,Normal operation,No action required,Normal,No action required
2024-12-26 19:05:00,116.40215487354206,2322.584440785472,17.179631894872685,0.1285417820859679,0.5837855768447577,0.6191452000740241,119.41458964395888,63.7752411546396,2,Heavy Load,686,Normal operation,No action required,Normal,No action required
2024-12-26 19:10:00,115.3723153882076,1118.3951013474807,28.773792984208484,0.1816927593588206,0.6420402674482479,0.0378954739593891,182.9671363802294,61.2836992883555,2,Idle,687,Normal operation,No action required,Normal,No action required
2024-12-26 19:15:00,69.61813828522497,2619.316245284323,15.768663276269043,0.9735320655776116,0.3209281100277994,0.817667368145279,154.72105613328648,72.02438900414782,0,Heavy Load,688,Bearing misalignment,Bearing inspection performed,Warning,Bearing replaced
2024-12-26 19:20:00,81.40832514717091,2020.566507775372,19.26674862520483,0.5237056765186816,0.5494768128277852,0.3265738458502893,68.0656681257621,69.18791139649089,1,Idle,689,Normal operation,No action required,Normal,No action required
2024-12-26 19:25:00,88.31976699276726,3611.792808735304,21.63398265829995,0.5126333032653351,0.8665572035905008,0.1332784192752675,56.98853081324236,27.71647597351455,0,Idle,690,Normal operation,No action required,Normal,No action required
2024-12-26 19:30:00,117.79882958579512,2237.892901174522,20.79414064865452,0.7317581048781172,0.7525995469205554,0.3517994752644012,81.04999635420607,61.63732446198885,2,Heavy Load,691,Normal operation,No action required,Normal,No action required
2024-12-26 19:35:00,117.95176615919664,1695.9395385100274,24.47682601046068,0.011058751321322,0.7671872823827756,0.4018670170491478,147.4168613136046,43.37734514969018,0,Cruising,692,Normal operation,No action required,Normal,No action required
2024-12-26 19:40:00,102.77409227949336,2750.3806243740046,20.874714572270967,0.5794255498323995,0.2223492534148774,0.438636154405513,114.44005598945336,31.34951646081685,1,Heavy Load,693,Normal operation,No action required,Normal,No action required
2024-12-26 19:45:00,73.95865661206,3937.403821290728,15.066303424098177,0.803230928811043,0.3830803270093442,0.4277429388332576,183.2128485042472,72.16533939156184,2,Heavy Load,694,Normal operation,No action required,Normal,No action required
2024-12-26 19:50:00,60.23519945726089,1580.2209357094491,20.609586092052307,0.5070519101032112,0.5573471525422619,0.6452334181466478,143.644765157856,59.498648949053255,0,Idle,695,Normal operation,No action required,Normal,No action required
2024-12-26 19:55:00,62.33532490178034,1819.2879695597444,28.299901180823152,0.4705771695556944,0.2538796377884775,0.2493427907197146,159.79960577178048,31.12575229505652,1,Heavy Load,696,Normal operation,No action required,Normal,No action required
2024-12-26 20:00:00,110.1291969441117,1918.298592891921,26.82613039463631,0.5818230462345878,0.7374488798671603,0.7777716908041842,136.5283142751453,87.87788266600533,2,Cruising,697,Normal operation,No action required,Normal,No action required
2024-12-26 20:05:00,99.64156590138784,1440.2996400558254,17.289974142619634,0.7733557456979053,0.700077175113446,0.7856448709265207,76.98766811225512,53.848174449185336,0,Heavy Load,698,Normal operation,No action required,Normal,No action required
2024-12-26 20:10:00,79.5925896538225,2287.341897914961,17.928097192304325,0.090441636348084,0.0252782750119329,0.0915061523792772,112.65290174108384,78.87224027466104,2,Cruising,699,Normal operation,No action required,Normal,No action required
2024-12-26 20:15:00,85.51554195540065,3330.6125436754487,24.79048439363637,0.1702362460346317,0.3249117627405786,0.9106846843267576,185.48410019287897,56.5682455405911,0,Idle,700,Normal operation,No action required,Normal,No action required
2024-12-26 20:20:00,85.85991149657337,1485.9094181003145,15.409239348707713,0.2011084506790548,0.8035991832369873,0.59585017732636,185.21601796592563,96.271214758799,3,Cruising,701,Normal operation,No action required,Normal,No action required
2024-12-26 20:25:00,97.43157768352174,2978.1541478219697,16.959271170757386,0.9775340663447326,0.6108168481496482,0.9064075873097384,58.300684013036765,44.415884634394736,2,Cruising,702,Bearing misalignment,Bearing inspection performed,Warning,Bearing replaced
2024-12-26 20:30:00,117.50604119486036,2560.3064056502835,25.84557400139809,0.7365051005965892,0.4134846210324888,0.3545103216986174,132.8246717290751,38.918945800087045,1,Cruising,703,Normal operation,No action required,Normal,No action required
2024-12-26 20:35:00,81.73544402555478,2071.630708288838,26.704894439868347,0.1431804309610509,0.6322663305834695,0.7519406710619669,57.59031341184474,23.41811562615657,3,Idle,704,Normal operation,No action required,Normal,No action required
2024-12-26 20:40:00,109.05387908056916,2172.534800331857,15.211601679455049,0.4506248930902086,0.7728128891925299,0.6965385437019465,77.56217489446911,55.78723422180427,0,Idle,705,Normal operation,No action required,Normal,No action required
2024-12-26 20:45:00,116.80632745054636,2977.924473434723,20.281507582928047,0.3739388028026525,0.3819652212989521,0.8475760725606886,90.62407992198273,88.85895052562661,2,Heavy Load,706,Normal operation,No action required,Normal,No action required
2024-12-26 20:50:00,111.44581148886448,1420.985786982411,17.675976429605242,0.5995889758051983,0.430234191653092,0.5353887103310608,73.93932457310139,88.68258347713926,3,Cruising,707,Normal operation,No action required,Normal,No action required
2024-12-26 20:55:00,68.28156848853685,1160.676303054552,20.98437330491532,0.1800982422133018,0.2405791445296674,0.4440783544629892,135.14165314350342,61.937322587003,3,Cruising,708,Normal operation,No action required,Normal,No action required
2024-12-26 21:00:00,84.76633648608353,3400.4683767074293,20.300337712112228,0.1554846474476721,0.3288503064733367,0.7375907848995134,109.55356817566548,54.085172474393005,3,Heavy Load,709,Normal operation,No action required,Normal,No action required
2024-12-26 21:05:00,98.9869017323533,2838.389917707519,28.22789477713652,0.278896308766523,0.5033725832568992,0.6031121931184442,98.09620837808792,67.60447723521284,3,Cruising,710,Normal operation,No action required,Normal,No action required
2024-12-26 21:10:00,112.3039584480112,1370.2040686617624,16.428667868614696,0.8076190519240309,0.063042753747898,0.8966642089701353,117.35170675175756,82.89905757437114,2,Idle,711,Normal operation,No action required,Normal,No action required
2024-12-26 21:15:00,91.24695577720324,2187.4668273515845,23.72039518019385,0.2246337860223117,0.0645094193782752,0.661745240039406,88.91265598632185,29.72794350155484,3,Idle,712,Normal operation,No action required,Normal,No action required
2024-12-26 21:20:00,66.70046085345929,3450.457659257351,17.967199205331546,0.861343070741735,0.1490832441301585,0.4518967743978529,81.41844098526613,74.72607344176174,3,Cruising,713,Normal operation,No action required,Normal,No action required
2024-12-26 21:25:00,94.16243839423814,2308.46588605794,29.76331059310266,0.2657018780121045,0.771155242100498,0.1248928130856851,71.62249740105375,93.71072144718408,3,Idle,714,Normal operation,No action required,Normal,No action required
2024-12-26 21:30:00,71.97757758023658,1933.18055964162,17.552462516818345,0.5244696671336646,0.8570910779810785,0.6664334104221202,171.7787496216335,43.79889777564041,2,Cruising,715,Normal operation,No action required,Normal,No action required
2024-12-26 21:35:00,91.83260424600572,1181.3637460559237,18.87051367539104,0.2026938453205538,0.8491055304927213,0.8752414371935272,59.81439456791462,94.174330439308,1,Idle,716,Normal operation,No action required,Normal,No action required
2024-12-26 21:40:00,67.4268794067864,1967.4033679324025,16.65403312145053,0.0899265179332953,0.2718602479808411,0.7159219610705106,197.52253394133453,62.58002104382609,2,Heavy Load,717,Normal operation,No action required,Normal,No action required
2024-12-26 21:45:00,81.8160055445725,2697.507862092777,19.68082248502523,0.5487364095733637,0.4961695748272741,0.0094214905613615,70.25821020839885,45.937357612870606,0,Heavy Load,718,Normal operation,No action required,Normal,No action required
2024-12-26 21:50:00,61.00722846667493,3144.860342220019,24.639535707865367,0.9886129826079172,0.8293647128635507,0.374464549006602,121.91034848777691,82.06435418468631,3,Cruising,719,Bearing misalignment,Bearing inspection performed,Warning,Bearing replaced
2024-12-26 21:55:00,70.20860652271078,2508.9602431084577,19.843038754949244,0.8050144571171938,0.2202506012917402,0.3799008570416161,53.58421570083308,56.02897006418304,2,Heavy Load,720,Normal operation,No action required,Normal,No action required
2024-12-26 22:00:00,110.76998891879408,1923.132704765968,18.835568809795788,0.5522807561913333,0.530509153024341,0.9614787730388356,106.63229809121736,47.47048605555645,1,Idle,721,Normal operation,No action required,Normal,No action required
2024-12-26 22:05:00,89.81482408254038,1613.6592373709263,17.436785846061657,0.0162465468392551,0.2683308542126253,0.9538910889128503,184.42480426655573,40.60927236945405,1,Idle,722,Normal operation,No action required,Normal,No action required
2024-12-26 22:10:00,97.85930769291876,1813.9759213350696,26.863452608243666,0.5369172618823057,0.1076326813768595,0.7211024509340717,192.7707681137317,99.36282171094554,2,Idle,723,Normal operation,No action required,Normal,No action required
2024-12-26 22:15:00,105.86568661315393,1838.9666110346736,28.015937391887253,0.571151044312721,0.4185372144843591,0.2553530487036268,197.70811648763177,63.99280534184102,2,Cruising,724,Normal operation,No action required,Normal,No action required
2024-12-26 22:20:00,103.25984431770138,3181.9211294998904,28.505931991761475,0.6412883858763228,0.0770232934336755,0.2532285375268845,136.85674384462527,91.3501035755528,3,Heavy Load,725,Normal operation,No action required,Normal,No action required
2024-12-26 22:25:00,105.26024037400956,1462.6002033533932,22.613392781253964,0.3478430413226057,0.8936475593984987,0.300647388937028,138.90144960719584,82.1699795392671,2,Heavy Load,726,Normal operation,No action required,Normal,No action required
2024-12-26 22:30:00,96.87840733462578,2667.641884077072,27.369261612071927,0.2879094153860927,0.2032653407718815,0.8035795163367211,174.61579507279242,37.84233453083082,3,Cruising,727,Normal operation,No action required,Normal,No action required
2024-12-26 22:35:00,75.01966220585498,3696.08001380653,19.14264353032548,0.9388497344947668,0.6266519574969432,0.083369243052194,184.4668493303996,77.41569950233915,2,Heavy Load,728,Bearing misalignment,Bearing inspection performed,Warning,Bearing replaced
2024-12-26 22:40:00,78.9634706422398,2314.4331537012085,19.1908554509924,0.6673029176701811,0.4012316986225267,0.8555869029144794,106.3728978481213,94.29963647363314,2,Heavy Load,729,Normal operation,No action required,Normal,No action required
2024-12-26 22:45:00,100.6717812711936,1407.049071414107,16.135546457691902,0.2450821773982431,0.8367141625627906,0.2005151780795118,178.31234073466484,92.57025988794412,0,Idle,730,Normal operation,No action required,Normal,No action required
2024-12-26 22:50:00,89.29613418696466,1799.6070394128735,19.65949240910291,0.6231076643841803,0.2176685935213433,0.1035266062420854,146.47418850443034,96.2189132806306,1,Idle,731,Normal operation,No action required,Normal,No action required
2024-12-26 22:55:00,117.0092913853003,3505.174814055801,16.6809064561192,0.2588934779647744,0.77016314350221,0.0058891074735538,113.2605822159678,27.837129691297093,2,Heavy Load,732,Normal operation,No action required,Normal,No action required
2024-12-26 23:00:00,105.31069209535546,3947.3618577805846,22.2688803930524,0.9735458539005568,0.0422399327025186,0.5415270950729655,138.8334824030695,87.574666576235,1,Cruising,733,Bearing misalignment,Bearing inspection performed,Warning,Bearing replaced
2024-12-26 23:05:00,100.17892892122975,2725.1726531242803,19.71663502517945,0.9527929458653914,0.5546522945768783,0.1817213902692865,132.75475841436548,27.148200460663592,3,Cruising,734,Bearing misalignment,Bearing inspection performed,Warning,Bearing replaced
2024-12-26 23:10:00,118.71768337289777,1084.1751611033742,16.011216029560515,0.4431545004377334,0.3251166808967043,0.8752041355550777,198.79316428184868,60.107863897568585,2,Heavy Load,735,Normal operation,No action required,Normal,No action required
2024-12-26 23:15:00,78.53798189049348,1078.4737052933276,28.59060415926084,0.8105542979473825,0.5861070797991009,0.6938483182771433,85.23163063019135,26.37935979249412,0,Idle,736,Normal operation,No action required,Normal,No action required
2024-12-26 23:20:00,72.00478557427377,2188.9427574437,19.133618755752902,0.4899828529253969,0.6336532684806216,0.4604881837563683,72.69471016846131,51.70967492976983,0,Heavy Load,737,Normal operation,No action required,Normal,No action required
2024-12-26 23:25:00,64.69771554843375,3969.759724513402,16.688301554716602,0.9824284340028092,0.3510967315876536,0.5197911816230208,99.17469963237882,68.45289462784706,1,Idle,738,Bearing misalignment,Bearing inspection performed,Warning,Bearing replaced
2024-12-26 23:30:00,103.3547481295124,3265.160335937481,19.9179673786928,0.3286093830180248,0.7704459549890916,0.9034834769980592,64.0422329030927,22.44961339610878,1,Heavy Load,739,Normal operation,No action required,Normal,No action required
2024-12-26 23:35:00,65.99663544456351,3903.231067448021,26.586031450248413,0.6847239577347581,0.6415746590291564,0.2222679904112586,59.16567830431009,38.319511020542585,0,Cruising,740,Normal operation,No action required,Normal,No action required
2024-12-26 23:40:00,68.06071071483527,1202.9804160880494,25.359789732806583,0.9408066800957549,0.4261477647430299,0.2551453888406148,136.78117461927764,30.84416656119672,3,Idle,741,Bearing misalignment,Bearing inspection performed,Warning,Bearing replaced
2024-12-26 23:45:00,91.74001359215583,2699.0161129632074,21.229311834723408,0.0460303462038894,0.743766362118185,0.6596663059980604,146.5665964758688,98.1725079865504,3,Heavy Load,742,Normal operation,No action required,Normal,No action required
2024-12-26 23:50:00,109.87435838828408,3160.6740209540426,15.743688708254195,0.4543547113404614,0.8285042180147376,0.5417156266585076,112.05629158128636,68.64497945745825,0,Cruising,743,Normal operation,No action required,Normal,No action required
2024-12-26 23:55:00,111.96061962097131,2285.8947724393047,17.125049182787176,0.6832180075269803,0.8120293309689167,0.4139170574259744,142.0063682127702,54.153451132079546,1,Idle,744,Normal operation,No action required,Normal,No action required
2024-12-27 00:00:00,90.08680746169662,1813.562693688545,16.24188125874531,0.8115276928269103,0.3300861051455453,0.6565848246276412,115.8556575305862,62.14145482202265,1,Heavy Load,745,Normal operation,No action required,Normal,No action required
2024-12-27 00:05:00,78.26319884361723,3849.5162379055855,19.75984518711535,0.0776223027631225,0.4317002583431064,0.0388043464937296,127.33070489652432,73.3291197428774,2,Cruising,746,Normal operation,No action required,Normal,No action required
2024-12-27 00:10:00,119.51400498770025,2815.081135800312,23.82838199006509,0.4808537670883401,0.9834870662958184,0.6708450432703286,141.62161830939158,64.748498462637,0,Cruising,747,Normal operation,No action required,Normal,No action required
2024-12-27 00:15:00,98.3531877103739,3790.513568217365,27.51035254101103,0.4356592642805595,0.6645560244611318,0.0310218966519358,146.42185691801492,58.140022064343526,1,Cruising,748,Normal operation,No action required,Normal,No action required
2024-12-27 00:20:00,82.20234934494835,1017.2023217090534,24.432297360642604,0.3948613919204036,0.1812840295685159,0.3318856000094814,55.893328222022745,68.61726960068235,0,Idle,749,Normal operation,No action required,Normal,No action required
2024-12-27 00:25:00,90.44199008446353,2515.0446225853666,19.66246554574562,0.4083454931064785,0.2930602121004427,0.9572609169442784,82.11097812467719,99.2610437118139,0,Idle,750,Normal operation,No action required,Normal,No action required
2024-12-27 00:30:00,96.19444992434072,3672.6281421800513,28.289980825689938,0.7976451386949652,0.4861239368880991,0.9646743127925336,194.8334662802063,99.59348458199106,3,Idle,751,Normal operation,No action required,Normal,No action required
2024-12-27 00:35:00,103.2085957863175,1216.46513354263,24.39736096978324,0.7291611626098017,0.4250760099174513,0.093253248018814,58.17416706126342,67.82550174663058,0,Idle,752,Normal operation,No action required,Normal,No action required
2024-12-27 00:40:00,103.83659377086434,2178.610159110911,15.700655102075002,0.6044910876381671,0.3207586361916615,0.1806652935213668,92.95693328423664,90.39434735515906,2,Cruising,753,Normal operation,No action required,Normal,No action required
2024-12-27 00:45:00,114.53656295708048,1792.9518687733705,29.514435379771815,0.1156052621407011,0.0396615129729536,0.9438303068137576,145.3308993565833,60.91624576078539,3,Idle,754,Normal operation,No action required,Normal,No action required
2024-12-27 00:50:00,74.91149831469954,2992.483362414099,23.20214130187305,0.4403292689280143,0.8094207825789977,0.703004655744119,111.42199231531067,63.69749507846424,3,Cruising,755,Normal operation,No action required,Normal,No action required
2024-12-27 00:55:00,72.46594132777486,2014.3353449839524,17.87424344962091,0.8359100368160772,0.1548901089630353,0.145463337161552,128.88994964886746,74.33848265933406,1,Cruising,756,Normal operation,No action required,Normal,No action required
2024-12-27 01:00:00,61.32552753084628,3351.6669523667547,29.596546356429407,0.906572113578867,0.7914543346277403,0.6613306920403806,87.32731446327656,30.445936428913765,0,Idle,757,Bearing misalignment,Bearing inspection performed,Warning,Bearing replaced
2024-12-27 01:05:00,106.42038908612469,2831.540712356834,26.68204657371312,0.677592417074756,0.6672273870719551,0.9597116809970924,52.3604440889521,44.79726556947874,2,Heavy Load,758,Normal operation,No action required,Normal,No action required
2024-12-27 01:10:00,119.6670640141705,3735.262250919627,20.631315291358927,0.7555193391805232,0.5123589803236256,0.1102429983630244,97.434904004187,84.23403084545521,3,Heavy Load,759,Normal operation,No action required,Normal,No action required
2024-12-27 01:15:00,66.65069666473424,3880.460482161093,28.977204193309625,0.8055505959447631,0.8629429378449606,0.4438229934219465,121.6880340779481,36.72359525427222,2,Idle,760,Normal operation,No action required,Normal,No action required
2024-12-27 01:20:00,60.686759756321074,2210.407488093208,29.242116094395488,0.9393841393373276,0.9552586610041562,0.4311882259479088,132.64932120670494,50.81751439192144,2,Cruising,761,Bearing misalignment,Bearing inspection performed,Warning,Bearing replaced
2024-12-27 01:25:00,104.21773283818652,2102.7169931254184,25.117368326605803,0.4193354147032989,0.1886838947004212,0.7822729533059959,156.21278149344914,25.52216069570436,3,Cruising,762,Normal operation,No action required,Normal,No action required
2024-12-27 01:30:00,105.47010788084646,3019.1793078890696,29.520064919993224,0.1044042362099938,0.3751770246617902,0.7612682728250655,143.61192025793426,41.84339467587,1,Idle,763,Normal operation,No action required,Normal,No action required
2024-12-27 01:35:00,84.6717755388813,3140.02550324015,15.825094708621709,0.4440792034246089,0.9359306810803644,0.4112072132343906,100.0083623264948,40.41817531793171,1,Heavy Load,764,Normal operation,No action required,Normal,No action required
2024-12-27 01:40:00,91.96497469865236,2356.741536972223,17.429227281004252,0.7395830097529786,0.678630809080674,0.7561001271931223,175.7178363107928,45.1385111841529,2,Cruising,765,Normal operation,No action required,Normal,No action required
2024-12-27 01:45:00,105.22526962980557,3856.126247603541,28.854223662795636,0.0582534890024253,0.6825212100760906,0.2005141060381348,174.92865991422485,85.30526998267473,0,Heavy Load,766,Normal operation,No action required,Normal,No action required
2024-12-27 01:50:00,88.938288447254,3474.571648928404,25.108319898070263,0.2782475572597985,0.7583481319964334,0.8588956812076359,79.09833694495302,38.44551055774666,2,Heavy Load,767,Normal operation,No action required,Normal,No action required
2024-12-27 01:55:00,93.0096104348478,1509.578557258158,29.99891198182003,0.0792092233560782,0.8620542635765337,0.7867492461485908,195.24731496870825,38.034461096751286,2,Heavy Load,768,Normal operation,No action required,Normal,No action required
2024-12-27 02:00:00,86.91854719396208,3761.89755343098,18.42964891531679,0.5228221104130576,0.4668923328414071,0.5724127832432799,87.44281014953413,49.67291962752407,1,Idle,769,Normal operation,No action required,Normal,No action required
2024-12-27 02:05:00,94.01453004251024,2403.7079932382485,26.55442835960636,0.8135201885745427,0.5457626913335692,0.3339203310050994,158.15313502173575,82.88904812250163,0,Cruising,770,Normal operation,No action required,Normal,No action required
2024-12-27 02:10:00,72.92343116638986,1433.19989934414,20.59149813806754,0.2449037761241845,0.245488164146491,0.5478489481699457,153.8386655569903,88.08686494024981,0,Idle,771,Normal operation,No action required,Normal,No action required
2024-12-27 02:15:00,68.5666285227393,3138.691685288866,26.444321772983216,0.3162617101198814,0.1509303209159647,0.9508183025555482,174.51059582976785,92.69021220539958,2,Heavy Load,772,Normal operation,No action required,Normal,No action required
2024-12-27 02:20:00,98.4488493453462,2349.543835334658,19.70719338913075,0.715118984037801,0.9171040736455348,0.9745852969048098,51.39144797306102,67.6948678151638,0,Cruising,773,Normal operation,No action required,Normal,No action required
2024-12-27 02:25:00,94.39381519718192,2994.7681583017893,16.080966728357193,0.7838706074252324,0.2817917897868436,0.95952327127156,106.68609883471096,66.222319261576,3,Cruising,774,Normal operation,No action required,Normal,No action required
2024-12-27 02:30:00,113.62314791351533,3912.494451249464,15.348320279738964,0.4792064647337454,0.1665375245737788,0.3561348178340177,140.06172949298508,56.8802230167729,2,Heavy Load,775,Normal operation,No action required,Normal,No action required
2024-12-27 02:35:00,76.25369369407562,2646.7465678411218,26.38687996910205,0.585211575386735,0.9971114742181716,0.0989832182936868,158.168302819411,34.87182762571165,3,Idle,776,Normal operation,No action required,Normal,No action required
2024-12-27 02:40:00,79.44224515655148,1476.6984847353724,15.102745364059237,0.1822879008531038,0.6403976981661047,0.0673629415719235,126.45595395649325,61.10749381532277,2,Cruising,777,Normal operation,No action required,Normal,No action required
2024-12-27 02:45:00,96.69622728082112,1616.6579403365297,27.978446578738502,0.838481467208265,0.4060551207153535,0.2275775613278937,161.74118119766928,29.80665659456274,2,Idle,778,Normal operation,No action required,Normal,No action required
2024-12-27 02:50:00,111.32678846037504,2951.686588535776,23.84638753599159,0.2346760026387397,0.6801158431401443,0.4187933350939379,159.37232216379033,24.372172039008984,3,Heavy Load,779,Normal operation,No action required,Normal,No action required
2024-12-27 02:55:00,76.0350075688374,1024.3693357800305,26.789504818407263,0.1727056396282521,0.0639904747430213,0.1971142822337651,88.97421815324718,48.07998288907364,3,Heavy Load,780,Normal operation,No action required,Normal,No action required
2024-12-27 03:00:00,106.94348588466966,1931.4273665180929,23.12664679401672,0.9891124786377592,0.6369041810184746,0.7363718085561446,89.8921407661916,28.13686034048468,1,Idle,781,Bearing misalignment,Bearing inspection performed,Warning,Bearing replaced
2024-12-27 03:05:00,111.29000992327585,3203.1212510446376,17.387012356614346,0.7139094072970608,0.2908649798168493,0.4296453586743212,173.2643132369468,32.99386170182541,2,Heavy Load,782,Normal operation,No action required,Normal,No action required
2024-12-27 03:10:00,78.1472940711148,1565.810977350186,22.403964555018803,0.8148233101073473,0.0686836137259374,0.046011474560444,102.40128446806784,26.686801310436188,1,Heavy Load,783,Normal operation,No action required,Normal,No action required
2024-12-27 03:15:00,87.08131933117362,1845.016197775476,19.360928966737763,0.0371933575909846,0.6439799607863309,0.2289234882846668,99.49777482816216,59.791568050704015,1,Idle,784,Normal operation,No action required,Normal,No action required
2024-12-27 03:20:00,99.76454824361916,2221.8189333668934,18.61803826184848,0.8593482810086744,0.3331128438702528,0.8891217885460823,133.44577205071548,42.27589644923648,3,Heavy Load,785,Normal operation,No action required,Normal,No action required
2024-12-27 03:25:00,75.39555447536078,3520.5981026040986,20.49024531481908,0.0523096791866466,0.3905571213667433,0.3895584940161389,62.7649753945491,39.45503028755529,1,Idle,786,Normal operation,No action required,Normal,No action required
2024-12-27 03:30:00,79.65487671301541,1045.9429967450117,24.077165499581405,0.8208524961341185,0.0665325405881377,0.2056490314711884,178.84858931338724,72.1951670770755,3,Cruising,787,Normal operation,No action required,Normal,No action required
2024-12-27 03:35:00,117.82422989884554,3478.3003220037367,18.15919898538916,0.5296341619553715,0.1884700665238449,0.4731596541236835,70.87422273747802,72.13399916562605,2,Cruising,788,Normal operation,No action required,Normal,No action required
2024-12-27 03:40:00,65.23240024924708,3587.884752204568,16.537518507201206,0.4998518881044851,0.4238962011676278,0.7876551701979589,119.5829967784435,27.278406216912927,3,Cruising,789,Normal operation,No action required,Normal,No action required
2024-12-27 03:45:00,66.39166102942868,3097.0064309373347,15.946772405879932,0.6954851138640528,0.0494193628038208,0.7468371970627339,101.247881564939,44.307595370239866,2,Heavy Load,790,Normal operation,No action required,Normal,No action required
2024-12-27 03:50:00,103.21426336670756,3942.303679598752,29.313114428970596,0.71779639728977,0.5713700160805395,0.7107927190792395,103.4231379818412,85.77071960311015,2,Idle,791,Normal operation,No action required,Normal,No action required
2024-12-27 03:55:00,98.06653111679026,3763.477602718928,24.71148691488507,0.898505465369249,0.2825808266293085,0.7705573480931104,95.43574862885048,80.60043118921519,1,Cruising,792,Normal operation,No action required,Normal,No action required
2024-12-27 04:00:00,109.75113319847222,1186.4443791843887,22.13988973294278,0.5044433070427846,0.0395760915950554,0.750966833285703,78.45982614711377,60.55056730340653,3,Idle,793,Normal operation,No action required,Normal,No action required
2024-12-27 04:05:00,68.6947739872332,3352.0385321153053,25.13445879603527,0.6125233860504836,0.812166888600803,0.3377750439260276,141.16458280913398,83.64767020236681,1,Idle,794,Normal operation,No action required,Normal,No action required
2024-12-27 04:10:00,75.98143702630541,2610.864592925122,27.564675903260213,0.7420693046058833,0.638259242453231,0.5802627516284043,75.37465841461433,48.26770257237939,3,Cruising,795,Normal operation,No action required,Normal,No action required
2024-12-27 04:15:00,103.65068513691074,3662.171878361667,21.54244011266042,0.770837794837224,0.6814293415818711,0.4026901010723039,166.78191281110122,80.81601350983422,1,Cruising,796,Normal operation,No action required,Normal,No action required
2024-12-27 04:20:00,92.62917374876363,2204.677350834303,17.322308358832856,0.4163756493325907,0.3117961658030409,0.8772211855280103,178.80948828689958,40.44650939714836,0,Cruising,797,Normal operation,No action required,Normal,No action required
2024-12-27 04:25:00,71.93220626263003,1136.189494138061,29.59380446308393,0.6786547476455034,0.9076498076365436,0.2423282064976194,121.37947560724066,35.88953150405378,1,Cruising,798,Normal operation,No action required,Normal,No action required
2024-12-27 04:30:00,82.44084891506311,3709.712970458693,23.26882683828146,0.6752527051840287,0.5438681718884911,0.2634674606387237,104.29772587357805,47.83163041268323,2,Cruising,799,Normal operation,No action required,Normal,No action required
2024-12-27 04:35:00,92.6920242797566,2849.2307595964303,25.547029144188368,0.2369439677466003,0.0451192742247804,0.5330575063273584,150.80239193238214,25.43791514954931,1,Idle,800,Normal operation,No action required,Normal,No action required
2024-12-27 04:40:00,70.28902922747689,1966.2285875549048,26.21839942220617,0.7184099467793201,0.2338116392243227,0.5142329049593459,118.09385894020814,40.36206154155887,3,Heavy Load,801,Normal operation,No action required,Normal,No action required
2024-12-27 04:45:00,98.2055386847496,1357.9213681734796,21.466716765384977,0.2474698075788927,0.0421092049903805,0.9023855356647106,165.4324105671057,68.57238029140319,2,Heavy Load,802,Normal operation,No action required,Normal,No action required
2024-12-27 04:50:00,62.40599038607552,2073.934495023066,27.92623343541468,0.6106395148057385,0.3064934913970718,0.5861559088303213,156.50199747380688,61.74471925748495,2,Idle,803,Normal operation,No action required,Normal,No action required
2024-12-27 04:55:00,109.51132288473246,1701.2264448492008,17.159722745194593,0.7465724626143315,0.3840198681893715,0.6517367302649193,192.3947856398943,65.67222573081254,2,Idle,804,Normal operation,No action required,Normal,No action required
2024-12-27 05:00:00,72.26910137395735,1337.9947192175289,16.46465616572639,0.5615851943985051,0.9487721740159892,0.7964127112310667,178.30865168932263,37.181439386691686,2,Heavy Load,805,Normal operation,No action required,Normal,No action required
2024-12-27 05:05:00,110.13946665879728,1748.0988481034883,22.537908049593607,0.3691473013418084,0.5785794841797662,0.2838240375646443,196.9514536515263,34.43100418781684,0,Cruising,806,Normal operation,No action required,Normal,No action required
2024-12-27 05:10:00,115.78121029309348,1554.993626293543,15.939183364764254,0.9419491590097884,0.937051182167116,0.2052073153333555,189.92516718805336,62.98919638882538,0,Idle,807,Bearing misalignment,Bearing inspection performed,Warning,Bearing replaced
2024-12-27 05:15:00,85.42123586460278,1510.648943444881,16.55526060133575,0.1564500424553391,0.6255914262267085,0.1874351373110554,102.3580304048943,98.369711517905,3,Cruising,808,Normal operation,No action required,Normal,No action required
2024-12-27 05:20:00,117.36350465350878,3928.927106450238,16.69250207518052,0.1457109686751524,0.314866155325482,0.1985204584645975,79.01452643523979,44.693648926277625,2,Cruising,809,Normal operation,No action required,Normal,No action required
2024-12-27 05:25:00,91.41822665772084,2077.279105680397,16.666443314597526,0.8874214639474989,0.0082527186158806,0.3786395312883119,152.31197903503084,83.26961214780157,0,Cruising,810,Normal operation,No action required,Normal,No action required
2024-12-27 05:30:00,99.68099875220328,3607.643809042625,28.46501821633432,0.8155507813316828,0.706879944310643,0.4566424390906757,148.92759072827823,77.49664970862202,2,Cruising,811,Normal operation,No action required,Normal,No action required
2024-12-27 05:35:00,78.24142248888961,1175.4996578114558,29.272587512215075,0.6769897031135367,0.8892501059859632,0.3728880629361822,161.51147738889733,31.4931234825292,1,Idle,812,Normal operation,No action required,Normal,No action required
2024-12-27 05:40:00,116.84034937969976,2098.925777610366,16.008215845621574,0.7839783762318028,0.6050949606520262,0.635683728247021,171.67900433422872,57.5051399003756,0,Cruising,813,Normal operation,No action required,Normal,No action required
2024-12-27 05:45:00,66.27515437736004,3678.598450385667,19.379814222068745,0.7220491366061086,0.4820062005695498,0.3134732880406033,174.94664156689677,40.335220530214485,0,Cruising,814,Normal operation,No action required,Normal,No action required
2024-12-27 05:50:00,84.9625948987508,1623.3272181132866,15.817666476635482,0.9616964303439092,0.7391425688714374,0.9755539386905931,148.0418581075714,21.965556946439165,0,Heavy Load,815,Bearing misalignment,Bearing inspection performed,Warning,Bearing replaced
2024-12-27 05:55:00,81.96349522122483,2569.944834773347,20.006018269568223,0.8978078834346556,0.2444985473657178,0.0130436620987801,160.52971096315156,99.20868237855206,1,Heavy Load,816,Normal operation,No action required,Normal,No action required
2024-12-27 06:00:00,109.0484042218238,3485.603110103934,25.275619924943697,0.5964134969653566,0.859561297997139,0.6775161903578913,129.80682761054055,72.21475955072778,1,Idle,817,Normal operation,No action required,Normal,No action required
2024-12-27 06:05:00,104.40859756012756,1431.6359967288067,17.51138048060718,0.1203213862017705,0.1854534066762254,0.6579235554037706,183.7436881111922,94.13385781343908,3,Idle,818,Normal operation,No action required,Normal,No action required
2024-12-27 06:10:00,82.57946161475238,2278.348961148623,24.23365947182776,0.3659352563831851,0.5742663078389431,0.7665971539172112,174.26262558385682,98.4672649737244,1,Heavy Load,819,Normal operation,No action required,Normal,No action required
2024-12-27 06:15:00,90.48774094376672,3529.9515495845267,18.630607463935128,0.0603827614763641,0.7970089279729901,0.1646570983651296,134.20290812227617,53.431165663142735,1,Idle,820,Normal operation,No action required,Normal,No action required
2024-12-27 06:20:00,108.68674655354654,2717.746276746497,21.61498656136356,0.9851439273487972,0.569017918060762,0.2656087518929549,196.44148768984604,83.91202950696521,2,Heavy Load,821,Bearing misalignment,Bearing inspection performed,Warning,Bearing replaced
2024-12-27 06:25:00,111.51292591062963,1999.9288412176584,23.05143825541216,0.0166159179814646,0.9530475398647412,0.7538520692787691,77.68362359800344,46.68748410926319,1,Cruising,822,Normal operation,No action required,Normal,No action required
2024-12-27 06:30:00,102.16561107826138,1224.428535022938,28.02767024299137,0.9538626857907944,0.4633014605182528,0.6716107284662282,194.3613322052117,28.356722879970448,3,Cruising,823,Bearing misalignment,Bearing inspection performed,Warning,Bearing replaced
2024-12-27 06:35:00,88.15892615998666,1427.5978927616477,24.070808930629084,0.0251071261607621,0.5838690483025416,0.1292255557132934,160.3772401415648,96.54816934294116,1,Idle,824,Normal operation,No action required,Normal,No action required
2024-12-27 06:40:00,87.62846274303345,3199.963664747632,15.045726456390124,0.7343636070351514,0.932532000340221,0.011308413703485,147.47156525809066,20.302913416165325,0,Cruising,825,Normal operation,No action required,Normal,No action required
2024-12-27 06:45:00,69.57311882781221,3725.551012511856,28.55426677845437,0.1769466874265095,0.7797653859127488,0.5391911575024534,150.009061388927,68.02766731368999,2,Cruising,826,Normal operation,No action required,Normal,No action required
2024-12-27 06:50:00,63.356578239554416,2227.187083364989,20.93394977711056,0.3654301374320277,0.609815783788756,0.1715312646369534,160.09324347398078,30.99721634051071,1,Heavy Load,827,Normal operation,No action required,Normal,No action required
2024-12-27 06:55:00,77.48473836355883,1169.0532850657823,21.38864072120943,0.673022657503864,0.2133895127165072,0.1060835071826917,70.19076280023657,36.652695236812846,1,Cruising,828,Normal operation,No action required,Normal,No action required
2024-12-27 07:00:00,91.78787668545472,3795.603875107471,25.07813668727414,0.0904783648809937,0.4326428402320035,0.1153913500339175,82.25358500305786,77.7814612321736,1,Heavy Load,829,Normal operation,No action required,Normal,No action required
2024-12-27 07:05:00,85.45591845171563,3735.2627186113455,28.88380267538292,0.8872149115492656,0.5732254828702337,0.113264826569176,80.06170358171393,40.59288483057871,1,Heavy Load,830,Normal operation,No action required,Normal,No action required
2024-12-27 07:10:00,70.26539009362185,2329.6145461817014,26.180755244241,0.4954746824829975,0.738052096302224,0.6350642115141412,75.18589252183605,82.95519890135378,2,Idle,831,Normal operation,No action required,Normal,No action required
2024-12-27 07:15:00,115.72936964612884,1404.7350778901637,23.58937842428734,0.141934410462978,0.9813753064359422,0.9830391056922316,160.00744884694325,59.96620899635662,0,Idle,832,Normal operation,No action required,Normal,No action required
2024-12-27 07:20:00,91.29173392319376,1902.1389174991425,19.4403558652129,0.4799487425516723,0.3145766363458062,0.8188566856120925,122.61288624468465,68.2062579750515,3,Idle,833,Normal operation,No action required,Normal,No action required
2024-12-27 07:25:00,63.21404181829263,3195.7527309892816,25.37243256983648,0.3163707002853091,0.6268232228462506,0.3761003947596316,164.81809475950718,95.4302455441336,2,Cruising,834,Normal operation,No action required,Normal,No action required
2024-12-27 07:30:00,98.85982412575224,1558.601570611742,23.46977053499837,0.1885470097510513,0.7393293294245005,0.2178771306436242,90.4507034764524,97.9150155591561,0,Heavy Load,835,Normal operation,No action required,Normal,No action required
2024-12-27 07:35:00,85.38013984928634,2864.379176181796,22.00770557488153,0.0668300392267678,0.3339408009055769,0.1753692917058732,168.30059053402258,84.67701790966343,3,Cruising,836,Normal operation,No action required,Normal,No action required
2024-12-27 07:40:00,111.81397655944484,2408.2045960523656,19.693590393585374,0.5664255039504847,0.142439816118748,0.8763434485175587,86.4703799599274,62.29499825029221,2,Cruising,837,Normal operation,No action required,Normal,No action required
2024-12-27 07:45:00,111.26169112816802,2007.463477851722,29.89423975310459,0.8996354357722273,0.9346186350800816,0.2097709591012152,109.10946135778184,38.07374210913886,3,Heavy Load,838,Normal operation,No action required,Normal,No action required
2024-12-27 07:50:00,95.66743579765854,2795.600589123836,19.46774278373452,0.1739931436692804,0.2085317970501669,0.4603975152327646,79.10266768366711,20.306581827245537,0,Cruising,839,Normal operation,No action required,Normal,No action required
2024-12-27 07:55:00,71.56211340513084,3102.180784282352,21.88035041903371,0.6788990021500553,0.3054027094254812,0.2228493259966741,108.77022582647729,35.39070351956252,3,Heavy Load,840,Normal operation,No action required,Normal,No action required
2024-12-27 08:00:00,71.26419619970245,1274.5622252994608,18.0858125712941,0.2747804566882289,0.9762876741073504,0.8927059430104963,83.32232100472314,48.8966003320747,1,Heavy Load,841,Normal operation,No action required,Normal,No action required
2024-12-27 08:05:00,92.00596420511138,1426.3400321147708,17.993588525289756,0.087390160871424,0.3050389199681712,0.350308804543148,100.79951276154404,73.42426619245879,0,Idle,842,Normal operation,No action required,Normal,No action required
2024-12-27 08:10:00,108.85014535542172,3979.009978675553,23.18354475962186,0.9133872632796202,0.0792593757164652,0.1405969102591716,108.57721428623216,98.54395689111242,1,Idle,843,Bearing misalignment,Bearing inspection performed,Warning,Bearing replaced
2024-12-27 08:15:00,72.72774864498682,3052.0449573253445,19.738540111297016,0.7986195014314715,0.6459547690671276,0.9136987785538996,103.43316422356553,28.39575027056777,0,Cruising,844,Normal operation,No action required,Normal,No action required
2024-12-27 08:20:00,104.7090794085166,2977.9143331421205,17.252419653398455,0.234121947461447,0.8362998524337154,0.0773165209536712,127.99849669254036,67.72116136133492,1,Idle,845,Normal operation,No action required,Normal,No action required
2024-12-27 08:25:00,94.19698943054692,1044.273573868458,23.445383798692653,0.9092197726594876,0.887988913811948,0.1773830857957206,155.2685902858124,59.405062869217176,2,Heavy Load,846,Bearing misalignment,Bearing inspection performed,Warning,Bearing replaced
2024-12-27 08:30:00,83.69755886617517,1275.2789890123192,15.982889240666363,0.5847297785495236,0.450772572874922,0.2806767433279027,189.612677591218,75.93108845935407,3,Idle,847,Normal operation,No action required,Normal,No action required
2024-12-27 08:35:00,89.50317067754848,2484.470873602604,29.5567088904796,0.3316567828057464,0.6832021506737596,0.0703254523987735,128.6716214536363,70.07354491276546,0,Idle,848,Normal operation,No action required,Normal,No action required
2024-12-27 08:40:00,89.45849844799356,2452.956111715048,25.541768696136355,0.5400535936089362,0.3250492487100589,0.0757740198271874,153.75281327623173,56.16193449231558,1,Cruising,849,Normal operation,No action required,Normal,No action required
2024-12-27 08:45:00,81.81236150241227,2121.2005915751843,26.841147589289548,0.7614522290891893,0.8538830572264619,0.8016332409775264,135.81887997101003,99.7512288193708,1,Idle,850,Normal operation,No action required,Normal,No action required
2024-12-27 08:50:00,68.33327724857105,2167.6842536881586,25.13679011202869,0.8967600734941741,0.7361091633703799,0.3071680468961849,50.32778147621012,39.565946535846514,0,Heavy Load,851,Normal operation,No action required,Normal,No action required
2024-12-27 08:55:00,72.65189701857129,1421.2319433502223,17.41649964705323,0.0004648868003205,0.1782935288857077,0.2953106202626238,191.17874203609085,27.617858683649597,2,Cruising,852,Normal operation,No action required,Normal,No action required
2024-12-27 09:00:00,63.66881232173869,1356.0838434158222,26.13715959596533,0.5604550866372694,0.764540275839297,0.2657726682290987,120.03805925966516,90.36419243950508,3,Heavy Load,853,Normal operation,No action required,Normal,No action required
2024-12-27 09:05:00,90.77645853484262,3673.9530932956177,29.26454659998933,0.172605116043272,0.1752170824199841,0.3393494726856246,188.0875632336015,36.26392573035175,2,Cruising,854,Normal operation,No action required,Normal,No action required
2024-12-27 09:10:00,118.44932604508746,3938.1149008114166,27.32672617114805,0.0728726295918873,0.9789609020534172,0.0510065794142234,79.86254687756102,21.54563723662288,2,Cruising,855,Normal operation,No action required,Normal,No action required
2024-12-27 09:15:00,88.67230392352161,3621.541525335254,26.863555338216628,0.6655714288501355,0.1661994119458519,0.2940452363648725,82.74533660792568,53.27158192280899,3,Cruising,856,Normal operation,No action required,Normal,No action required
2024-12-27 09:20:00,64.54096408475856,1708.0682679319734,15.90149171505606,0.8179282642296892,0.6965353158509476,0.0798644268402545,187.3482543328672,72.23873195550867,2,Heavy Load,857,Normal operation,No action required,Normal,No action required
2024-12-27 09:25:00,89.29448579170581,1048.59373322105,18.212289760931235,0.6456080424698335,0.0387740159295411,0.3559806088324581,192.50801193493388,80.7574936388329,2,Heavy Load,858,Normal operation,No action required,Normal,No action required
2024-12-27 09:30:00,76.97773918968377,2239.809594225031,25.18522866346581,0.3896285468799267,0.1841547084916293,0.9544020842036556,178.68952155704503,51.38373377063134,3,Cruising,859,Normal operation,No action required,Normal,No action required
2024-12-27 09:35:00,75.09819679870856,1004.2370585779998,23.001814531006644,0.4551078600676789,0.3085361553754865,0.1277542810219261,190.2720171831252,90.90190242803894,0,Idle,860,Normal operation,No action required,Normal,No action required
2024-12-27 09:40:00,80.30450731124103,1278.651951500198,20.90648510442592,0.5941881328039516,0.8221600487613032,0.9200954501536378,79.2297438248915,30.953316207081745,2,Cruising,861,Normal operation,No action required,Normal,No action required
2024-12-27 09:45:00,88.56736326526763,2460.1633763866107,29.575772576943866,0.993091874325978,0.3882252874095798,0.1823044797306535,180.32577159532,42.55413750813435,3,Heavy Load,862,Bearing misalignment,Bearing inspection performed,Warning,Bearing replaced
2024-12-27 09:50:00,100.03487533243074,3933.62085856991,22.84531798519136,0.9018238961306168,0.187749448148681,0.2889429182908066,86.918974128422,26.405022457345897,0,Idle,863,Bearing misalignment,Bearing inspection performed,Warning,Bearing replaced
2024-12-27 09:55:00,72.39254041916469,1773.8102853987457,28.862293692287047,0.1792383896523318,0.7798077427196387,0.751513123229379,192.52007839596536,80.06853556917513,2,Idle,864,Normal operation,No action required,Normal,No action required
2024-12-27 10:00:00,73.86978502528659,2521.823744853195,29.71134160600543,0.0098593948847373,0.7262458871826165,0.6921308252200258,102.24118528408152,58.44301582235094,3,Heavy Load,865,Normal operation,No action required,Normal,No action required
2024-12-27 10:05:00,113.21381390327664,3308.5223116441166,22.1540075407408,0.8251085444730539,0.4125938363718849,0.8072130647556138,136.48448842663984,34.621300843174666,1,Heavy Load,866,Normal operation,No action required,Normal,No action required
2024-12-27 10:10:00,106.55768471381752,2499.402837108137,29.363622289407004,0.0897913355003654,0.8706757104153652,0.7981690613034113,95.93832274659948,56.68593998299944,1,Heavy Load,867,Normal operation,No action required,Normal,No action required
2024-12-27 10:15:00,66.38652270373633,3301.265026366389,18.824036035306545,0.6800252792921253,0.7654647087395008,0.5593367429062177,116.054987612573,32.065414854089255,2,Cruising,868,Normal operation,No action required,Normal,No action required
2024-12-27 10:20:00,65.46673963304595,2346.1024395721024,29.092278207488956,0.8328697031481456,0.4950505208968897,0.4331961631781299,157.0842382272802,97.99027476641125,0,Cruising,869,Normal operation,No action required,Normal,No action required
2024-12-27 10:25:00,117.028022404068,1345.2967474425486,26.675477394195585,0.6387980140613406,0.1626803936841294,0.8171009757216807,56.80456279000114,57.76275808650653,0,Cruising,870,Normal operation,No action required,Normal,No action required
2024-12-27 10:30:00,101.36279533381638,2598.142692776162,19.337611440889763,0.8146592596379109,0.6212978979069435,0.0165926864938887,92.49424125272212,75.11517664837395,2,Idle,871,Normal operation,No action required,Normal,No action required
2024-12-27 10:35:00,91.12249636840043,3219.410765823279,27.035828914442533,0.599680242952462,0.9936882572197998,0.7720763192219917,122.4488951090474,61.93834980687711,1,Idle,872,Normal operation,No action required,Normal,No action required
2024-12-27 10:40:00,71.80811952698706,1316.9071850749865,23.727465324488627,0.304966944826302,0.7792165501659116,0.5040929529850156,119.23777636646535,26.06928110362178,3,Idle,873,Normal operation,No action required,Normal,No action required
2024-12-27 10:45:00,116.34988249728298,3364.0207537302163,22.343275547688023,0.20322817847507,0.8725019788649092,0.3882661523079125,151.65446267511453,89.57224851649985,2,Idle,874,Normal operation,No action required,Normal,No action required
2024-12-27 10:50:00,91.46101359520594,2574.8641762719453,19.80759994483118,0.9812973120545516,0.9608536621704864,0.116261707665716,88.89575426078443,60.13984028379807,2,Heavy Load,875,Bearing misalignment,Bearing inspection performed,Warning,Bearing replaced
2024-12-27 10:55:00,77.04612274834591,3306.6662258548054,18.096190809398287,0.7486297545225883,0.7850833088328936,0.3612822688756419,122.30695842746135,76.31090306116604,3,Cruising,876,Normal operation,No action required,Normal,No action required
2024-12-27 11:00:00,65.34851913225464,3779.524608998524,29.65175857724114,0.0858419635950454,0.4097362653849034,0.8056403576484021,66.66720799392816,83.38909319420341,2,Idle,877,Normal operation,No action required,Normal,No action required
2024-12-27 11:05:00,95.356596993631,1389.415297554153,15.940897077039155,0.8357434503986656,0.6837907515471797,0.3876171042047858,188.8398938133269,82.43136081727336,2,Idle,878,Normal operation,No action required,Normal,No action required
2024-12-27 11:10:00,85.03122887271667,2461.14557039196,20.14305464130461,0.6953970773225552,0.6362389276453319,0.1775174927161261,115.96044570156468,49.48217800478639,0,Idle,879,Normal operation,No action required,Normal,No action required
2024-12-27 11:15:00,114.88999730214468,3100.0945609502965,26.292875205769896,0.994011746980344,0.0027423078977258,0.2642172214986441,184.4478379882932,92.93732604103958,1,Idle,880,Bearing misalignment,Bearing inspection performed,Warning,Bearing replaced
2024-12-27 11:20:00,103.64189649173332,3777.603686480418,16.423382611343467,0.8922332235656486,0.6146121577235308,0.239323235267324,141.80234547490147,25.092385923424654,0,Heavy Load,881,Normal operation,No action required,Normal,No action required
2024-12-27 11:25:00,84.64190051153778,3315.563969162519,15.830134720007244,0.4622584125765843,0.1894130247274691,0.3125810239010247,95.30705930737923,47.12924866586627,3,Cruising,882,Normal operation,No action required,Normal,No action required
2024-12-27 11:30:00,111.95630628102242,1666.1018118955662,28.87399703354587,0.5306912116741334,0.0610077749400761,0.4659547255183935,97.0290625750092,36.84885597020104,0,Cruising,883,Normal operation,No action required,Normal,No action required
2024-12-27 11:35:00,72.41532436496857,3559.109403486582,17.83230050031264,0.8829516814685809,0.7720014291079761,0.9759786866986586,118.46425133756917,75.29870193967412,0,Cruising,884,Normal operation,No action required,Normal,No action required
2024-12-27 11:40:00,116.41910436375537,2495.067788015086,19.713863151241785,0.386951991991241,0.226527620740168,0.2365961372371813,174.71964699833995,95.3859655893818,1,Cruising,885,Normal operation,No action required,Normal,No action required
2024-12-27 11:45:00,102.9093443338384,1689.041264393387,16.18312999329015,0.9158779026212068,0.662331050021629,0.145415280297869,123.95542980870007,76.71798419680968,1,Cruising,886,Bearing misalignment,Bearing inspection performed,Warning,Bearing replaced
2024-12-27 11:50:00,100.2892880553276,2123.4791845617115,28.207261626764133,0.2319252020548127,0.2407068251051876,0.0519910720335282,55.87765349919431,81.94534022442164,3,Cruising,887,Normal operation,No action required,Normal,No action required
2024-12-27 11:55:00,67.15776700811381,3108.4329963882383,22.204553798514745,0.6425217890270329,0.604405690392284,0.796051163030339,110.20672793336648,60.931056937606,3,Idle,888,Normal operation,No action required,Normal,No action required
2024-12-27 12:00:00,118.99603889269513,1351.268365278475,16.37026948651486,0.4240896373438956,0.2289424482526556,0.8607421587273705,69.75715143815056,71.58605895064167,2,Heavy Load,889,Normal operation,No action required,Normal,No action required
2024-12-27 12:05:00,74.61425274704261,3706.996428011073,15.509736598427752,0.3742260577171701,0.1708606803663787,0.9928573498954922,162.5857510579978,63.88905533601222,0,Idle,890,Normal operation,No action required,Normal,No action required
2024-12-27 12:10:00,110.66330373711742,3807.683040482916,25.64927266684284,0.0820358284844716,0.6757554557027102,0.0396081060346112,184.99676816951097,32.246743789586894,2,Heavy Load,891,Normal operation,No action required,Normal,No action required
2024-12-27 12:15:00,79.07415098861115,2489.299422852137,15.245948399603469,0.3262512558449346,0.1984616792553766,0.2436814691238823,175.6172931512832,51.178076437217584,2,Heavy Load,892,Normal operation,No action required,Normal,No action required
2024-12-27 12:20:00,82.98880309229882,1843.3781970316256,28.86237025590976,0.8873496065905992,0.2513719046476721,0.1675670582623848,181.6576507597512,94.63177974418916,3,Idle,893,Normal operation,No action required,Normal,No action required
2024-12-27 12:25:00,106.59058937061911,1638.0728928221156,29.510224073088,0.4068448449213835,0.8348981332330752,0.5053511878893254,150.1403972713007,49.08591962439864,3,Idle,894,Normal operation,No action required,Normal,No action required
2024-12-27 12:30:00,96.14967917277896,2550.537045767811,17.090110208611136,0.7095517965362661,0.0578724979236094,0.4425142394343317,94.21975418817512,74.43380789045621,0,Idle,895,Normal operation,No action required,Normal,No action required
2024-12-27 12:35:00,106.7363053654364,1553.0774599259043,15.92348418846094,0.7517743665449753,0.3386091627379822,0.4546115689231608,54.97765641907857,78.09514083458954,0,Heavy Load,896,Normal operation,No action required,Normal,No action required
2024-12-27 12:40:00,70.34234308115893,3970.099701815909,29.385443301861493,0.0213675867566736,0.0898239386795081,0.0606103917327726,159.93759106871164,30.75555659132588,3,Cruising,897,Normal operation,No action required,Normal,No action required
2024-12-27 12:45:00,71.97544484816278,2105.2200337162367,25.482067732204637,0.7637305789619372,0.6276171545386189,0.6311845290677401,179.85408111808042,88.0819630832076,1,Idle,898,Normal operation,No action required,Normal,No action required
2024-12-27 12:50:00,84.91371712442634,1860.642130278148,22.32046627558525,0.0154946638686628,0.0385368742557089,0.6685970809282826,88.15991670575525,44.447945507346176,1,Idle,899,Normal operation,No action required,Normal,No action required
2024-12-27 12:55:00,64.86725729083072,2381.866228806313,29.56014066067439,0.8999672487424246,0.3706026777429774,0.2136492037106353,141.29392076143642,77.388721091301,3,Idle,900,Normal operation,No action required,Normal,No action required
2024-12-27 13:00:00,114.39342362362628,2726.5593292372128,19.10964736124337,0.2305970745959348,0.3718797909474945,0.910360312390142,159.64414113050333,89.99470977517761,0,Heavy Load,901,Normal operation,No action required,Normal,No action required
2024-12-27 13:05:00,104.56770710364142,3888.66171938605,26.218213943141546,0.3201749155983352,0.710454677592739,0.6401968828973825,84.21475038051884,92.71991523429789,3,Cruising,902,Normal operation,No action required,Normal,No action required
2024-12-27 13:10:00,84.1316160788656,3216.190370061151,26.45947759785143,0.1299727094244752,0.8324794324401397,0.4122574897598793,151.2679041331084,27.7528335664785,2,Heavy Load,903,Normal operation,No action required,Normal,No action required
2024-12-27 13:15:00,77.30245680895635,2392.6084504561877,21.03261909200494,0.2447286927175329,0.0480415530577122,0.6498191601096306,100.38365199798768,55.00053798129119,3,Idle,904,Normal operation,No action required,Normal,No action required
2024-12-27 13:20:00,75.36059494684622,1325.446307773016,27.590729467382225,0.4970417868201168,0.5895863953332938,0.9241726897091423,58.47241520859767,39.79721398405146,0,Heavy Load,905,Normal operation,No action required,Normal,No action required
2024-12-27 13:25:00,75.7108998911489,3671.853947869298,16.711296478872423,0.6614914178667618,0.2227452979881039,0.0204404728630424,113.13523442871076,70.526322713314,0,Idle,906,Normal operation,No action required,Normal,No action required
2024-12-27 13:30:00,64.15278747121013,2905.032677254993,16.13386989094221,0.6585494425795158,0.5630569814225433,0.085465966152185,165.47181082461515,46.89417164124681,3,Idle,907,Normal operation,No action required,Normal,No action required
2024-12-27 13:35:00,113.4195176660436,2169.4152461275626,16.169172131535454,0.5072462892887852,0.707543339601543,0.3882323730553941,153.4481306518817,86.2728766326119,1,Cruising,908,Normal operation,No action required,Normal,No action required
2024-12-27 13:40:00,99.08450639633652,2974.006382892921,18.388051409234677,0.3443772937831165,0.2695796140038466,0.2601329001169793,102.49245791150472,66.02003144593276,3,Idle,909,Normal operation,No action required,Normal,No action required
2024-12-27 13:45:00,110.59571708709566,2236.4929344291486,15.891273931570876,0.461809530318698,0.7029194164990581,0.1260646227729828,125.05447101868177,25.50475020791044,2,Cruising,910,Normal operation,No action required,Normal,No action required
2024-12-27 13:50:00,63.25432443543267,3347.146516866369,15.668818950423928,0.7996780651805833,0.5715976019782227,0.3958564548138118,126.2185589350734,44.81165323039156,0,Heavy Load,911,Normal operation,No action required,Normal,No action required
2024-12-27 13:55:00,79.01870393861054,3732.822455067657,24.552180212068663,0.517788689615771,0.9559730698811272,0.035802211958563,66.05263959601571,24.310149733050157,3,Idle,912,Normal operation,No action required,Normal,No action required
2024-12-27 14:00:00,65.44371057996085,3450.273900727373,29.0349871847959,0.2294545638582512,0.119542922974878,0.7188138789082705,149.18349083258803,97.5409281792484,1,Cruising,913,Normal operation,No action required,Normal,No action required
2024-12-27 14:05:00,60.95916706691085,3979.4891169955768,29.9757706765083,0.9279882691483972,0.8020185942879398,0.2248146387965141,115.34039802868791,60.03630109792853,1,Cruising,914,Bearing misalignment,Bearing inspection performed,Warning,Bearing replaced
2024-12-27 14:10:00,71.00697223508331,2598.511705160233,27.52166135626861,0.7435651928975463,0.4930848370779365,0.8462729417766274,137.44603149910444,98.58071679508068,2,Cruising,915,Normal operation,No action required,Normal,No action required
2024-12-27 14:15:00,109.44815211860126,2949.3949512462177,20.067735956837662,0.6454993809190892,0.0185955832029799,0.426546272116408,181.8388734432946,27.884687636316272,0,Cruising,916,Normal operation,No action required,Normal,No action required
2024-12-27 14:20:00,65.47893731339286,3012.1037501961478,27.504337157160045,0.6765476624772335,0.8975504133125116,0.4382005566261061,135.68672478956898,45.14712937975106,0,Idle,917,Normal operation,No action required,Normal,No action required
2024-12-27 14:25:00,96.9512473858238,2565.859938793172,28.84355830013205,0.0385746499520063,0.8562135130734722,0.5827209224975495,165.05550366533797,53.43350153884769,2,Idle,918,Normal operation,No action required,Normal,No action required
2024-12-27 14:30:00,81.70522164622263,3421.304048927921,25.62450002419332,0.9021410239531984,0.6175333808337126,0.5435674963665332,76.43135095317595,71.78638606069228,0,Cruising,919,Bearing misalignment,Bearing inspection performed,Warning,Bearing replaced
2024-12-27 14:35:00,100.0378825812666,1765.213514408621,18.980701853447343,0.6427411934710159,0.4323225093616555,0.7751925714078517,107.50058561551478,78.9736589793342,1,Idle,920,Normal operation,No action required,Normal,No action required
2024-12-27 14:40:00,94.18827746502922,3267.175354540803,25.751648632322407,0.5561341528557489,0.8283713714806213,0.18331371776423,187.0904188745941,26.82323777474557,2,Cruising,921,Normal operation,No action required,Normal,No action required
2024-12-27 14:45:00,82.40413828105513,1415.6386713226536,16.475846482312136,0.161380291018277,0.7613164235161446,0.0228342098661948,50.05914394446555,21.78131010872673,0,Idle,922,Normal operation,No action required,Normal,No action required
2024-12-27 14:50:00,86.90565590867348,3350.8534682104078,28.583853693148875,0.1729197510037521,0.4873295925275321,0.4419451376741986,175.09710808838508,83.6553918314484,2,Cruising,923,Normal operation,No action required,Normal,No action required
2024-12-27 14:55:00,62.786974960753945,2600.013778836541,16.698307297235257,0.6464155888382358,0.97529930808567,0.8491765087750224,83.24457852802212,30.98180807584302,3,Cruising,924,Normal operation,No action required,Normal,No action required
2024-12-27 15:00:00,107.39524970938916,3319.417682043664,15.777786527306072,0.3098114908457254,0.4341201455181375,0.274189756701634,132.68449358572212,65.89881511704445,2,Cruising,925,Normal operation,No action required,Normal,No action required
2024-12-27 15:05:00,100.1035389661156,1697.8992819776015,16.412127812172614,0.6456479083895751,0.3195696159509485,0.7101218530501979,66.26686017962554,42.75148527844088,2,Idle,926,Normal operation,No action required,Normal,No action required
2024-12-27 15:10:00,119.6558894022244,1937.4811292207285,28.82939321625381,0.1850078138914488,0.7419449398321674,0.0185022227990551,183.01662998563492,20.94737608623152,0,Idle,927,Normal operation,No action required,Normal,No action required
2024-12-27 15:15:00,101.9771552235786,2441.485676814769,18.694053760033768,0.520612051194319,0.2231072695688276,0.1912044005440704,132.9092375629964,79.09577872537147,3,Idle,928,Normal operation,No action required,Normal,No action required
2024-12-27 15:20:00,87.25666109366738,2162.208317300649,22.219714971110683,0.0474690079192847,0.9312553265244412,0.3958575280884246,128.42287820371826,51.79825168965317,2,Idle,929,Normal operation,No action required,Normal,No action required
2024-12-27 15:25:00,71.88202329772399,2636.607457250459,15.441488380884037,0.9824995416567815,0.6693677901197119,0.4473841574971017,100.38545998436842,65.53335321966787,2,Idle,930,Bearing misalignment,Bearing inspection performed,Warning,Bearing replaced
2024-12-27 15:30:00,63.38184168944229,2211.611846811097,20.33616717556523,0.7152840222989686,0.5809754253244501,0.3923379397734106,52.25690071682607,50.18540127204787,3,Heavy Load,931,Normal operation,No action required,Normal,No action required
2024-12-27 15:35:00,103.69359021737446,2545.083302977751,17.756028841210384,0.3351326603340125,0.5364168517591255,0.1124088666906546,186.08821982912644,36.143677318209285,1,Idle,932,Normal operation,No action required,Normal,No action required
2024-12-27 15:40:00,108.91534589510348,2680.902978928385,22.38897812684029,0.6929633207897221,0.9197585390247808,0.300762019251655,153.26284682170012,73.01963109421095,3,Idle,933,Normal operation,No action required,Normal,No action required
2024-12-27 15:45:00,64.62341649525271,1883.8431802376056,22.97517008233092,0.5257847526004127,0.7457723809475735,0.3604124194953224,86.68755049681013,22.8147402299577,2,Idle,934,Normal operation,No action required,Normal,No action required
2024-12-27 15:50:00,69.67532628820302,1987.8798227747652,25.674468848728893,0.6610678544134972,0.5463794591522814,0.5759504541385414,149.92633259022864,47.68443485537372,0,Cruising,935,Normal operation,No action required,Normal,No action required
2024-12-27 15:55:00,91.26808305625492,3824.755479391013,16.088875353597608,0.8188042933295301,0.3261029626709625,0.9621632581620362,196.5483880908033,44.03593935725604,1,Idle,936,Normal operation,No action required,Normal,No action required
2024-12-27 16:00:00,78.67938192357533,1408.9053314200444,25.44095512459717,0.9300379055129984,0.9111096423968916,0.0262524319798154,150.07718996062653,96.68443325636495,2,Idle,937,Bearing misalignment,Bearing inspection performed,Warning,Bearing replaced
2024-12-27 16:05:00,89.91455654995633,1593.9004470908817,26.723175562668736,0.92289495811285,0.4166734875152285,0.705786758958927,149.11638139102158,57.68222901293656,2,Cruising,938,Bearing misalignment,Bearing inspection performed,Warning,Bearing replaced
2024-12-27 16:10:00,93.70106635988236,1530.5784196594127,15.939280308210757,0.2869668604593708,0.799169507169307,0.3214308190680025,60.62016103724498,64.00980056236648,0,Cruising,939,Normal operation,No action required,Normal,No action required
2024-12-27 16:15:00,65.86936938913317,3321.2901900420584,18.90385902227294,0.2368033789888814,0.3909480731435507,0.4947449944655383,70.98150184701618,74.49369955454196,3,Cruising,940,Normal operation,No action required,Normal,No action required
2024-12-27 16:20:00,70.93841987670586,1776.1464128881123,18.743401763150597,0.7451664630965202,0.2440084694824909,0.5242675647454136,160.26576050896404,45.98475125250043,2,Idle,941,Normal operation,No action required,Normal,No action required
2024-12-27 16:25:00,115.88617696192448,3381.890981697284,18.68558711000643,0.1512538302098013,0.6905154181616393,0.7866810750900057,172.98672472200747,49.51954885662121,1,Cruising,942,Normal operation,No action required,Normal,No action required
2024-12-27 16:30:00,86.4776533710016,2081.9403795382204,22.473854140014243,0.5560106666073339,0.2577812257871295,0.784391699829709,158.1207241955527,21.52858519483012,0,Idle,943,Normal operation,No action required,Normal,No action required
2024-12-27 16:35:00,103.99756144739254,3566.603067687978,26.73878064983449,0.5589260475683319,0.4085113874515391,0.8789473902392562,151.85043647423083,67.77592315717871,2,Heavy Load,944,Normal operation,No action required,Normal,No action required
2024-12-27 16:40:00,61.5044503497157,2499.519682490571,27.986154873242736,0.0058773185067929,0.627235549866217,0.9753305270011924,193.02392256468045,22.36851442443694,1,Heavy Load,945,Normal operation,No action required,Normal,No action required
2024-12-27 16:45:00,111.02576306192584,3049.083841990914,25.92030609143724,0.5937568978542445,0.8382392295782989,0.8182451289000868,53.04129614995451,79.13068199521184,0,Idle,946,Normal operation,No action required,Normal,No action required
2024-12-27 16:50:00,87.0931586089799,2021.9131479874432,28.08837985201197,0.1381704467599054,0.2620629661824799,0.7287117370365701,51.7760179051611,22.61192826537191,2,Idle,947,Normal operation,No action required,Normal,No action required
2024-12-27 16:55:00,113.23321179392224,1022.9411290620446,22.75827899427157,0.8699150295343603,0.1706525736383284,0.2662911287092514,71.22402907180413,58.76888528801032,1,Cruising,948,Normal operation,No action required,Normal,No action required
2024-12-27 17:00:00,97.26789926031104,2159.3276607542844,26.113323594748604,0.7908332838068565,0.1845342738812894,0.5244102203535496,92.44660682723467,75.80452763232991,2,Cruising,949,Normal operation,No action required,Normal,No action required
2024-12-27 17:05:00,99.76209498041013,1446.69803403377,23.073234680931748,0.0376569007235169,0.9976110297656215,0.3161271833347943,64.60100015806617,78.60289674719634,2,Idle,950,Normal operation,No action required,Normal,No action required
2024-12-27 17:10:00,96.35141960095376,2253.317348668155,27.391961004985053,0.9454073802685248,0.3432455969060335,0.2510728630354342,61.770533677878674,83.79086650579406,2,Idle,951,Bearing misalignment,Bearing inspection performed,Warning,Bearing replaced
2024-12-27 17:15:00,105.60582315090988,1811.7593373906209,15.1119788096402,0.8279002490670728,0.632049151464312,0.3765354741580058,186.50934959542877,71.18245200115429,1,Cruising,952,Normal operation,No action required,Normal,No action required
2024-12-27 17:20:00,75.9996767517109,3965.3151865806976,28.417715015804788,0.7650195322681274,0.5627203818928496,0.7055223594070675,131.18695746993518,51.46578631774897,0,Heavy Load,953,Normal operation,No action required,Normal,No action required
2024-12-27 17:25:00,109.04838074973512,2075.879360721363,18.53858906962836,0.0841710651328512,0.3830723940689019,0.1130579688742081,96.94835892215428,42.74052677963496,1,Idle,954,Normal operation,No action required,Normal,No action required
2024-12-27 17:30:00,80.30575483982763,1975.6950322890173,15.61999877977765,0.7232637590859434,0.2865953618825433,0.7065776853455217,186.8008449508095,40.64175539958305,3,Idle,955,Normal operation,No action required,Normal,No action required
2024-12-27 17:35:00,86.79286401823232,3838.4452337091902,20.028436754454678,0.5674431472503492,0.292473988327362,0.9331215741867782,149.00693329646435,65.41541051259503,0,Idle,956,Normal operation,No action required,Normal,No action required
2024-12-27 17:40:00,111.6328666941209,3478.978052007492,25.46233635516915,0.0944399469989329,0.5870673557255769,0.0960128631844784,174.3814817173958,94.45448335296167,3,Cruising,957,Normal operation,No action required,Normal,No action required
2024-12-27 17:45:00,83.06736920858992,2711.085525920994,29.114104573313988,0.6947520601003123,0.7653378141941343,0.5071338519594077,121.0953335366097,39.653568447881,0,Heavy Load,958,Normal operation,No action required,Normal,No action required
2024-12-27 17:50:00,114.96190196345324,3938.474804782921,19.6312820580628,0.9157032000217414,0.9017832034613192,0.779514625606566,102.35194161509298,42.500597972086034,2,Idle,959,Bearing misalignment,Bearing inspection performed,Warning,Bearing replaced
2024-12-27 17:55:00,77.31522041442946,3510.997047345035,26.853928440292837,0.7459603211648674,0.5577321374460924,0.8432815037616457,189.18076846768403,53.71965158978297,2,Heavy Load,960,Normal operation,No action required,Normal,No action required
2024-12-27 18:00:00,113.02350514089528,1086.9126627778246,27.16842425981469,0.6302621432299704,0.6358313111433309,0.2389433470287654,58.62262757628689,36.31528929909069,3,Cruising,961,Normal operation,No action required,Normal,No action required
2024-12-27 18:05:00,85.74211384634337,2653.9541905368187,29.19585007012989,0.590136643197759,0.9678213081002204,0.2370576307202189,76.7386676384805,63.46019263206116,0,Cruising,962,Normal operation,No action required,Normal,No action required
2024-12-27 18:10:00,83.48862892138166,2642.372125454884,15.55760318686526,0.6753048787763071,0.2797741592097313,0.5223025272925567,77.46924505833351,80.16351840427033,2,Cruising,963,Normal operation,No action required,Normal,No action required
2024-12-27 18:15:00,100.29909666772,3621.881209984935,20.74616510175099,0.995031781466586,0.5966720663894292,0.5374605538887264,195.48167717144477,36.79334750666343,1,Heavy Load,964,Bearing misalignment,Bearing inspection performed,Warning,Bearing replaced
2024-12-27 18:20:00,111.15841514107896,1634.5836262174157,22.960696115680346,0.2923369716590348,0.0074180262198305,0.6005179930885851,144.9983658379156,79.78439332468238,0,Heavy Load,965,Normal operation,No action required,Normal,No action required
2024-12-27 18:25:00,60.01454835792004,2388.6989916445737,22.46389184978407,0.536161742895529,0.9157129397473468,0.4423645205900637,141.961481805019,52.35380047319666,0,Heavy Load,966,Normal operation,No action required,Normal,No action required
2024-12-27 18:30:00,66.34333405337559,3912.894265428607,28.49761210025957,0.6123105731782926,0.2924788843117282,0.307173772644432,70.14990869735428,86.11243802387817,1,Idle,967,Normal operation,No action required,Normal,No action required
2024-12-27 18:35:00,96.03747572086836,3275.9185884793337,28.78177921376398,0.9578167527214204,0.648848241980462,0.1213201352280346,89.03434400958955,87.76753247828242,2,Cruising,968,Bearing misalignment,Bearing inspection performed,Warning,Bearing replaced
2024-12-27 18:40:00,103.61555011633853,3493.7042985721064,23.43667672241431,0.054519372010104,0.8535238981521173,0.2973846466924035,173.03452998070907,33.33318788792564,1,Idle,969,Normal operation,No action required,Normal,No action required
2024-12-27 18:45:00,89.9472654176669,3341.195512824987,18.41169420735157,0.8707052306582445,0.8054889546720886,0.7662605872463496,102.652237187683,56.458871954840006,3,Heavy Load,970,Normal operation,No action required,Normal,No action required
2024-12-27 18:50:00,74.4935212212074,1723.243689434179,16.267914633246672,0.6758248261713973,0.2178559220070867,0.6471554581192639,139.64608825058855,22.7674439616439,3,Idle,971,Normal operation,No action required,Normal,No action required
2024-12-27 18:55:00,105.97210014242204,3145.362462677196,20.461921297937128,0.0786983060376917,0.6491612181208898,0.7348035779402744,109.61966122128136,35.95922716218682,0,Cruising,972,Normal operation,No action required,Normal,No action required
2024-12-27 19:00:00,65.25375432439752,2694.198564984704,25.10314670570608,0.4803987374164715,0.5351896053102412,0.0931366291265322,55.51076525333153,38.67562871238608,2,Cruising,973,Normal operation,No action required,Normal,No action required
2024-12-27 19:05:00,83.08391155829943,3964.4227668551207,29.41549911083211,0.3836626535003899,0.8587846897430667,0.5219018563359438,55.764774117899904,64.99582636905518,2,Idle,974,Normal operation,No action required,Normal,No action required
2024-12-27 19:10:00,60.36548352392592,1128.8427469894996,29.91783016140185,0.5529336651998175,0.2727776176471115,0.0178429916908794,147.77202404967449,42.906317886755794,1,Cruising,975,Normal operation,No action required,Normal,No action required
2024-12-27 19:15:00,65.51979671728174,3916.428979684824,27.719295086572203,0.1884933502205924,0.933761099777537,0.501908953029353,64.60646914917069,26.787204044358475,3,Cruising,976,Normal operation,No action required,Normal,No action required
2024-12-27 19:20:00,76.87474563602174,3785.63371158666,18.74663973279183,0.8383743073357528,0.1589615146245413,0.3690073117270844,97.7109961307393,47.25004084336537,0,Cruising,977,Normal operation,No action required,Normal,No action required
2024-12-27 19:25:00,69.25040878654227,1147.2128106261912,19.070473176089,0.9246141248713996,0.8514630222735926,0.8000410835862083,131.5489247602996,74.74775336805055,3,Heavy Load,978,Bearing misalignment,Bearing inspection performed,Warning,Bearing replaced
2024-12-27 19:30:00,87.04649860594473,3396.6903731888624,16.590590873808647,0.2948173382741674,0.82992275495139,0.3287581621644516,142.08455662519873,77.06393275936674,1,Idle,979,Normal operation,No action required,Normal,No action required
2024-12-27 19:35:00,99.6372516758523,1123.6620435223315,20.71119893991641,0.3131350246210211,0.5198963476697969,0.2981406088757865,195.0635561317524,47.4358433930846,3,Idle,980,Normal operation,No action required,Normal,No action required
2024-12-27 19:40:00,116.28273096131277,1957.9608823134824,19.68198405780426,0.9374492819708868,0.0215192622655339,0.9861307212231,145.13370063170726,84.6102692729663,3,Heavy Load,981,Bearing misalignment,Bearing inspection performed,Warning,Bearing replaced
2024-12-27 19:45:00,107.22575401271487,3015.846603136791,28.299415511147064,0.6547889755403098,0.3787518394987796,0.5859210713207951,83.15162537816332,25.6944007952332,1,Heavy Load,982,Normal operation,No action required,Normal,No action required
2024-12-27 19:50:00,99.44635315970147,3809.878862763343,16.97283116192094,0.2551291833981354,0.8003484874040397,0.5682005281651992,88.42719573488903,42.27696794747874,0,Idle,983,Normal operation,No action required,Normal,No action required
2024-12-27 19:55:00,90.83334871344972,3493.0377629159952,19.729232104184067,0.9138671029380658,0.9002156759962918,0.3957428835746784,111.5927241180079,95.83058447541757,3,Heavy Load,984,Bearing misalignment,Bearing inspection performed,Warning,Bearing replaced
2024-12-27 20:00:00,111.01746678128912,3299.6414342811045,22.808619321482453,0.5416971059959654,0.7388086249804536,0.8892953193459725,58.47976867920731,84.92107153293452,3,Heavy Load,985,Normal operation,No action required,Normal,No action required
2024-12-27 20:05:00,60.51777139560182,2113.854227740877,28.82222184915985,0.9577626503357726,0.8437684728093942,0.2452131577720094,117.2996794504968,30.10037025390792,0,Idle,986,Bearing misalignment,Bearing inspection performed,Warning,Bearing replaced
2024-12-27 20:10:00,67.38293818608005,1802.863642976888,16.47774830140625,0.6554141267735685,0.0313580086326465,0.335237131778046,85.52186197313243,86.45115688219612,2,Idle,987,Normal operation,No action required,Normal,No action required
2024-12-27 20:15:00,108.13797422338912,3118.5375260896303,18.99480490162607,0.5088296967063193,0.2401136985429784,0.7389704189691355,138.12545373047627,34.625514930573864,0,Heavy Load,988,Normal operation,No action required,Normal,No action required
2024-12-27 20:20:00,89.97763303128369,1822.593548491795,29.3630637504728,0.1492696881308975,0.8123072748762106,0.0177219080019929,161.1714484884312,76.11249143537634,1,Heavy Load,989,Normal operation,No action required,Normal,No action required
2024-12-27 20:25:00,95.92773531102124,1431.2331465433751,17.491845098835825,0.1775419892154077,0.4124003780066488,0.4383970340214392,104.63502743177058,85.41062300204163,0,Cruising,990,Normal operation,No action required,Normal,No action required
2024-12-27 20:30:00,62.71935903957272,1122.0487153563547,23.582174902928426,0.1459603069851587,0.4063514459311605,0.8051869747420671,58.02167456194141,81.92592197191416,2,Idle,991,Normal operation,No action required,Normal,No action required
2024-12-27 20:35:00,97.72317048873484,2936.733198123972,21.64394789785604,0.5101712825567958,0.2025996758608195,0.2426445346461277,111.86420867382202,83.56118279709449,2,Idle,992,Normal operation,No action required,Normal,No action required
2024-12-27 20:40:00,109.6156584933949,3066.396937468922,21.159629947212004,0.3387800378645261,0.6563364363433046,0.8437934893698128,77.9074191430045,84.68121862622095,1,Heavy Load,993,Normal operation,No action required,Normal,No action required
2024-12-27 20:45:00,86.83041545964704,3478.5732561043646,23.125065712672274,0.6778503325732533,0.7361282431578333,0.9646443266781164,100.82514457830216,61.6220888838283,1,Heavy Load,994,Normal operation,No action required,Normal,No action required
2024-12-27 20:50:00,105.15406359963303,1171.2470654048832,22.91526679547521,0.1831889530532505,0.0071019496158949,0.8705621603099049,164.0309853895982,82.9142478869232,3,Idle,995,Normal operation,No action required,Normal,No action required
2024-12-27 20:55:00,88.23121055457071,1477.7745007704043,23.749531568652525,0.8279874386603698,0.6647448204944176,0.6253307777796994,178.46618421786613,41.49415399480708,3,Cruising,996,Normal operation,No action required,Normal,No action required
2024-12-27 21:00:00,105.24194581415053,1617.74504392751,16.166110495370553,0.7535480033516703,0.7979691638766379,0.6183351137209837,154.58620436842727,52.9872400744336,0,Cruising,997,Normal operation,No action required,Normal,No action required
2024-12-27 21:05:00,119.06677503317728,2473.6697850750625,17.657403879231737,0.9829598496737604,0.6994090427797984,0.8041651849688938,164.1386852824733,55.99414246561704,3,Idle,998,Bearing misalignment,Bearing inspection performed,Warning,Bearing replaced
2024-12-27 21:10:00,90.62015667610754,2297.7441356561067,17.47988170112713,0.6862134836172915,0.8750397236289936,0.3706903039333509,78.68752672397925,38.72902332739645,1,Heavy Load,999,Normal operation,No action required,Normal,No action required
2024-12-27 21:15:00,93.14440550603136,2511.30886332185,17.59714531222224,0.9503414969122002,0.3408874458187104,0.0727375207040913,178.57229110560235,83.76902285024993,0,Cruising,1000,Bearing misalignment,Bearing inspection performed,Warning,Bearing replaced
